localite_norm,excel_n_wl,excel_n_wp,excel_n_ip_calc,excel_wl_mean,excel_wp_mean,excel_ip_calc_mean,db_n_wl,db_n_wp,db_n_ip_calc,db_wl_mean,db_wp_mean,db_ip_calc_mean,abs_diff_wl,abs_diff_wp,abs_diff_ip,threshold,status
abobo,3,3,3,28.923333333333332,12.866666666666667,16.056666666666665,3,3,3,28.923333333333332,12.866666666666667,16.056666666666665,0.0,0.0,0.0,0.1,OK
adetikope,3,3,3,38.766666666666666,14.066666666666666,24.7,3,3,3,38.766666666666666,14.066666666666666,24.7,0.0,0.0,0.0,0.1,OK
adjengre (pounpoun),0,0,0,,,,3,3,3,58.14666666666667,27.963333333333335,30.183333333333334,,,,0.1,NO_COMPARABLE_VALUES
adjengre (pounpouni),3,3,3,58.14666666666667,27.963333333333335,30.183333333333334,3,3,3,58.14666666666667,27.963333333333335,30.183333333333334,0.0,0.0,0.0,0.1,OK
agotive,3,3,3,50.25666666666667,18.54,31.716666666666665,3,3,3,50.25666666666667,18.54,31.716666666666665,0.0,0.0,0.0,0.1,OK
akei,3,3,3,47.31666666666667,31.5,15.816666666666666,3,3,3,47.31666666666667,31.5,15.816666666666666,0.0,0.0,0.0,0.1,OK
akepe,3,3,3,17.883333333333333,10.3,7.583333333333333,3,3,3,17.883333333333333,10.3,7.583333333333333,0.0,0.0,0.0,0.1,OK
alibi,3,3,3,30.986666666666668,16.526666666666667,14.459999999999999,3,3,3,30.986666666666668,16.526666666666667,14.459999999999999,0.0,0.0,0.0,0.1,OK
anie,3,3,3,56.943333333333335,20.893333333333334,36.05,3,3,3,56.943333333333335,20.893333333333334,36.05,0.0,0.0,0.0,0.1,OK
apeheme,3,3,3,42.03333333333333,22.333333333333332,19.7,3,3,3,42.03333333333333,22.333333333333332,19.7,0.0,0.0,0.0,0.1,OK
apessito,3,3,3,42.29666666666667,18.166666666666664,24.13,3,3,3,42.29666666666667,18.166666666666664,24.13,0.0,0.0,0.0,0.1,OK
apeyeyeme,3,3,3,42.03333333333333,22.333333333333332,19.7,3,3,3,42.03333333333333,22.333333333333332,19.7,0.0,0.0,0.0,0.1,OK
assahoun,3,3,3,35.666666666666664,17.666666666666668,18.0,3,3,3,35.666666666666664,17.666666666666668,18.0,0.0,0.0,0.0,0.1,OK
badja,3,3,3,51.0,17.666666666666668,33.333333333333336,3,3,3,51.0,17.666666666666668,33.333333333333336,0.0,0.0,0.0,0.1,OK
badome,3,3,3,51.4,29.0,22.4,3,3,3,51.4,29.0,22.4,0.0,0.0,0.0,0.1,OK
bassar (kpankissi),3,3,3,32.666666666666664,22.773333333333333,9.893333333333333,3,3,3,32.666666666666664,22.773333333333333,9.893333333333333,0.0,0.0,0.0,0.1,OK
belgique,3,3,3,26.776666666666667,14.206666666666667,12.57,3,3,3,26.776666666666667,14.206666666666667,12.57,0.0,0.0,0.0,0.1,OK
bitchabe,3,3,3,29.003333333333334,12.933333333333334,16.07,3,3,3,29.003333333333334,12.933333333333334,16.07,0.0,0.0,0.0,0.1,OK
bohou,3,3,3,41.56,12.87,28.69,3,3,3,41.56,12.87,28.69,0.0,0.0,0.0,0.1,OK
campement,3,3,3,56.61,28.256666666666668,28.35333333333333,3,3,3,56.61,28.256666666666668,28.35333333333333,0.0,0.0,0.0,0.1,OK
dalave,3,3,3,25.333333333333332,11.663333333333334,13.67,3,3,3,25.333333333333332,11.663333333333334,13.67,0.0,0.0,0.0,0.1,OK
dikame,3,3,3,56.86666666666667,13.916666666666666,42.949999999999996,3,3,3,56.86666666666667,13.916666666666666,42.949999999999996,0.0,0.0,0.0,0.1,OK
dimouri,3,3,3,20.13,9.68,10.45,3,3,3,20.13,9.68,10.45,0.0,0.0,0.0,0.1,OK
djagble,3,3,3,23.473333333333333,14.6,8.873333333333333,3,3,3,23.473333333333333,14.6,8.873333333333333,0.0,0.0,0.0,0.1,OK
djidjole,3,3,3,25.433333333333334,13.846666666666668,11.586666666666666,3,3,3,25.433333333333334,13.846666666666668,11.586666666666666,0.0,0.0,0.0,0.1,OK
doutikope,3,3,3,41.65,15.950000000000001,25.7,3,3,3,41.65,15.950000000000001,25.7,0.0,0.0,0.0,0.1,OK
dzogbekome,0,0,0,,,,3,3,3,44.126666666666665,20.8,23.326666666666668,,,,0.1,NO_COMPARABLE_VALUES
dzogbekope,3,3,3,44.126666666666665,20.8,23.326666666666668,3,3,3,44.126666666666665,20.8,23.326666666666668,0.0,0.0,0.0,0.1,OK
gbatope,3,3,3,38.163333333333334,21.003333333333334,17.16,3,3,3,38.163333333333334,21.003333333333334,17.16,0.0,0.0,0.0,0.1,OK
hahotoe,3,3,3,34.0,17.666666666666668,16.333333333333332,3,3,3,34.0,17.666666666666668,16.333333333333332,0.0,0.0,0.0,0.1,OK
kabou (okpandoukpo),0,0,0,,,,3,3,3,26.0,11.0,15.0,,,,0.1,NO_COMPARABLE_VALUES
kabou (okpandoupo),3,3,3,26.0,11.0,15.0,3,3,3,26.0,11.0,15.0,0.0,0.0,0.0,0.1,OK
kadambara,3,3,3,38.053333333333335,12.473333333333333,25.580000000000002,3,3,3,38.053333333333335,12.473333333333333,25.580000000000002,0.0,0.0,0.0,0.1,OK
kamina barrage,3,3,3,48.24666666666666,11.593333333333334,36.653333333333336,3,3,3,48.24666666666666,11.593333333333334,36.653333333333336,0.0,0.0,0.0,0.1,OK
kamina dakre,3,3,3,52.336666666666666,18.333333333333332,34.00333333333334,3,3,3,52.336666666666666,18.333333333333332,34.00333333333334,0.0,0.0,0.0,0.1,OK
kaniamboua (bago),3,3,3,45.916666666666664,21.303333333333335,24.613333333333333,3,3,3,45.916666666666664,21.303333333333335,24.613333333333333,0.0,0.0,0.0,0.1,OK
katore,3,3,3,39.97666666666667,14.776666666666667,25.200000000000003,3,3,3,39.97666666666667,14.776666666666667,25.200000000000003,0.0,0.0,0.0,0.1,OK
keve,3,3,3,50.666666666666664,22.0,28.666666666666668,3,3,3,50.666666666666664,22.0,28.666666666666668,0.0,0.0,0.0,0.1,OK
komah,3,3,3,33.71,12.713333333333333,20.996666666666666,3,3,3,33.71,12.713333333333333,20.996666666666666,0.0,0.0,0.0,0.1,OK
korbongou,3,3,3,25.77,17.323333333333334,8.446666666666665,3,3,3,25.77,17.323333333333334,8.446666666666665,0.0,0.0,0.0,0.1,OK
koudjounde,3,3,3,54.196666666666665,32.61,21.586666666666666,3,3,3,54.196666666666665,32.61,21.586666666666666,0.0,0.0,0.0,0.1,OK
koudjouwde,0,0,0,,,,3,3,3,54.196666666666665,32.61,21.586666666666666,,,,0.1,NO_COMPARABLE_VALUES
kovie,3,3,3,52.266666666666666,24.513333333333335,27.753333333333334,3,3,3,52.266666666666666,24.513333333333335,27.753333333333334,0.0,0.0,0.0,0.1,OK
kpadape,3,0,0,60.8,,,3,3,3,60.8,0.0,60.8,0.0,,,0.1,OK
kparatao,0,0,0,,,,3,3,3,0.0,0.0,0.0,,,,0.1,NO_COMPARABLE_VALUES
kpawa,3,3,3,61.82,38.31333333333333,23.506666666666668,3,3,3,61.82,38.31333333333333,23.506666666666668,0.0,0.0,0.0,0.1,OK
kpime (seva),0,0,0,,,,3,3,3,30.12,15.256666666666668,14.863333333333333,,,,0.1,NO_COMPARABLE_VALUES
kpime (tomegbe),0,0,0,,,,3,3,3,25.48,12.583333333333334,12.896666666666667,,,,0.1,NO_COMPARABLE_VALUES
kpime (woume),0,0,0,,,,3,3,3,35.17666666666667,18.1,17.076666666666668,,,,0.1,NO_COMPARABLE_VALUES
kpime seva,3,3,3,30.12,15.256666666666668,14.863333333333333,3,3,3,30.12,15.256666666666668,14.863333333333333,0.0,0.0,0.0,0.1,OK
kpime tomegbe,3,3,3,25.48,12.583333333333334,12.896666666666667,3,3,3,25.48,12.583333333333334,12.896666666666667,0.0,0.0,0.0,0.1,OK
kpime woume,3,3,3,35.17666666666667,18.1,17.076666666666668,3,3,3,35.17666666666667,18.1,17.076666666666668,0.0,0.0,0.0,0.1,OK
kpodzi,3,3,3,42.34666666666667,30.093333333333334,12.253333333333334,3,3,3,42.34666666666667,30.093333333333334,12.253333333333334,0.0,0.0,0.0,0.1,OK
lama feing,3,3,3,40.50333333333333,27.459999999999997,13.043333333333333,3,3,3,40.50333333333333,27.459999999999997,13.043333333333333,0.0,0.0,0.0,0.1,OK
lama tchamde,3,3,3,28.02,13.93,14.09,3,3,3,28.02,13.93,14.09,0.0,0.0,0.0,0.1,OK
lama-tessi,3,3,3,33.026666666666664,22.88,10.146666666666667,3,3,3,33.026666666666664,22.88,10.146666666666667,0.0,0.0,0.0,0.1,OK
lavie apedome,3,3,3,24.14,14.6,9.540000000000001,3,3,3,24.14,14.6,9.540000000000001,0.0,0.0,0.0,0.1,OK
mission tove,3,3,3,41.13666666666666,15.396666666666667,25.740000000000002,3,3,3,41.13666666666666,15.396666666666667,25.740000000000002,0.0,0.0,0.0,0.1,OK
nyamassila,3,3,3,52.693333333333335,23.736666666666668,28.956666666666667,3,3,3,52.693333333333335,23.736666666666668,28.956666666666667,0.0,0.0,0.0,0.1,OK
ountivou,3,3,3,30.383333333333333,10.26,20.123333333333335,3,3,3,30.383333333333333,10.26,20.123333333333335,0.0,0.0,0.0,0.1,OK
pittah,3,3,3,40.51,22.5,18.009999999999998,3,3,3,40.51,22.5,18.009999999999998,0.0,0.0,0.0,0.1,OK
sanfatoute,3,3,3,37.660000000000004,27.616666666666667,10.043333333333333,3,3,3,37.660000000000004,27.616666666666667,10.043333333333333,0.0,0.0,0.0,0.1,OK
sevagan,3,3,3,40.0,20.666666666666668,19.333333333333332,3,3,3,40.0,20.666666666666668,19.333333333333332,0.0,0.0,0.0,0.1,OK
sevegan,0,0,0,,,,3,3,3,40.0,20.666666666666668,19.333333333333332,,,,0.1,NO_COMPARABLE_VALUES
solim,3,3,3,45.550000000000004,29.78,15.77,3,3,3,45.550000000000004,29.78,15.77,0.0,0.0,0.0,0.1,OK
sotouboua (sonde),3,3,3,56.92,28.4,28.520000000000003,3,3,3,56.92,28.4,28.520000000000003,0.0,0.0,0.0,0.1,OK
srikpui (togblecope),3,3,3,53.21333333333333,15.603333333333333,37.61,3,3,3,53.21333333333333,15.603333333333333,37.61,0.0,0.0,0.0,0.1,OK
tchalo,3,0,0,18.836666666666666,,,3,3,3,18.836666666666666,0.0,18.836666666666666,0.0,,,0.1,OK
tchamba,3,3,3,32.596666666666664,28.026666666666667,4.57,3,3,3,32.596666666666664,28.026666666666667,4.57,0.0,0.0,0.0,0.1,OK
tchamde,3,3,3,42.06333333333333,31.543333333333333,10.52,3,3,3,42.06333333333333,31.543333333333333,10.52,0.0,0.0,0.0,0.1,OK
tchitchao,3,3,3,26.306666666666665,21.296666666666667,5.01,3,3,3,26.306666666666665,21.296666666666667,5.01,0.0,0.0,0.0,0.1,OK
tekpo,3,3,3,63.21333333333333,28.363333333333333,34.85,3,3,3,63.21333333333333,28.363333333333333,34.85,0.0,0.0,0.0,0.1,OK
tovegan,3,3,3,44.47,17.526666666666667,26.94333333333333,3,3,3,44.47,17.526666666666667,26.94333333333333,0.0,0.0,0.0,0.1,OK
tsevie bleve,3,3,3,30.53666666666667,16.733333333333334,13.803333333333333,3,3,3,30.53666666666667,16.733333333333334,13.803333333333333,0.0,0.0,0.0,0.1,OK
tsevie dalavemodji,3,3,3,34.8,18.1,16.7,3,3,3,34.8,18.1,16.7,0.0,0.0,0.0,0.1,OK
tsevie deve,3,3,3,29.383333333333333,15.153333333333332,14.229999999999999,3,3,3,29.383333333333333,15.153333333333332,14.229999999999999,0.0,0.0,0.0,0.1,OK
wli,3,3,3,25.46,17.973333333333333,7.486666666666666,3,3,3,25.46,17.973333333333333,7.486666666666666,0.0,0.0,0.0,0.1,OK
wome (cascade),0,0,0,,,,3,3,3,49.21,27.80666666666667,21.403333333333332,,,,0.1,NO_COMPARABLE_VALUES
wome (ville),0,0,0,,,,3,3,3,48.69,30.96666666666667,17.723333333333333,,,,0.1,NO_COMPARABLE_VALUES
wome (zongo),0,0,0,,,,3,3,3,51.18,26.403333333333332,24.776666666666667,,,,0.1,NO_COMPARABLE_VALUES
wome cascade,3,3,3,49.21,27.80666666666667,21.403333333333332,3,3,3,49.21,27.80666666666667,21.403333333333332,0.0,0.0,0.0,0.1,OK
wome ville,3,3,3,48.69,30.96666666666667,17.723333333333333,3,3,3,48.69,30.96666666666667,17.723333333333333,0.0,0.0,0.0,0.1,OK
wome zongo,3,3,3,51.18,26.403333333333332,24.776666666666667,3,3,3,51.18,26.403333333333332,24.776666666666667,0.0,0.0,0.0,0.1,OK
yade,3,3,3,31.773333333333333,23.65,8.123333333333333,3,3,3,31.773333333333333,23.65,8.123333333333333,0.0,0.0,0.0,0.1,OK
zomayi,3,3,3,51.586666666666666,29.236666666666668,22.35,3,3,3,51.586666666666666,29.236666666666668,22.35,0.0,0.0,0.0,0.1,OK
zongo 1,3,3,3,47.85333333333334,16.126666666666665,31.726666666666667,3,3,3,47.85333333333334,16.126666666666665,31.726666666666667,0.0,0.0,0.0,0.1,OK
zongo 2,3,3,3,40.666666666666664,15.333333333333334,25.333333333333332,3,3,3,40.666666666666664,15.333333333333334,25.333333333333332,0.0,0.0,0.0,0.1,OK
