id,echantillon_id,vbs,commentaire,meta,created_at
1d6100c9-c157-41dc-951c-2678216027a5,aad16678-8f7e-4fbc-8749-c70c486ab4cd,2,"sol sablo argileux, peu plastiques",{},2025-10-26 17:55:50.112000
ecf8fe8a-32a5-499a-8036-32896d4eee5c,749e1108-f46c-4d4f-98e8-a929476b3e65,3.33,sol limoneux de plasticité moyenne,{},2025-10-26 17:55:50.112000
5f8d513b-f3fa-40a0-ad4e-bbbd70109db0,1de47a0e-97e7-4577-972a-d5301acbaf4d,3.33,sol limoneux de plasticité moyenne,{},2025-10-26 17:55:50.112000
026ee203-ddd5-4e2d-9002-0c5995a74013,fab2ea2d-f811-46a3-ab34-4a94dddc65f7,3.33,sol limoneux de plasticité moyenne,{},2025-10-26 17:55:50.112000
8704bc84-2f99-43c7-aec8-bbc1831b123f,b32aff41-73e6-488d-85fc-98623e164280,3.33,sol limoneux de plasticité moyenne,{},2025-10-26 17:55:50.112000
89f3d478-6f09-4e72-8f8e-70ecb56ec489,40296bf0-750c-44b8-8470-bcd92ff7a782,4,sol limoneux de plasticité moyenne,{},2025-10-26 17:55:50.112000
2cc1b47e-b106-4e16-b145-347bd3856f08,222ca583-45a4-4d0d-911f-526119bfdccf,2,"sol sablo argileux, peu plastiques",{},2025-10-26 17:55:50.112000
6cb1ea7d-9c68-4822-8438-3853cb6e2cc7,7567d11b-ea28-4fa7-86d9-64462f578857,2,"sol sablo argileux, peu plastiques",{},2025-10-26 17:55:50.112000
d3a4a2aa-7d92-4804-a86b-be5dbebe1652,18bbe3a6-e6cf-4a09-bb13-52b2f5fc327e,2.33,"sol sablo argileux, peu plastiques",{},2025-10-26 17:55:50.112000
7b6215b9-7d75-46b5-935e-3b95bbfbd556,695993e1-21b4-4b29-a854-631ad86e45e5,5.99,,{},2025-11-04 17:04:46.063000
e698184f-9150-4db0-98f9-5d3bd87045e1,aa7a1f8c-7dd3-48c5-a705-db243142b960,7.66,,{},2025-11-04 17:04:46.063000
d3f8faca-9776-4c9d-84cf-7bf9753732bc,4e157ac6-e4e6-4522-acd8-7f4a08bea459,8.33,,{},2025-11-04 17:04:46.063000
aff21320-96b7-48ad-91a2-1b460023e94d,d52cf0db-0acb-4d37-a207-778ca5834410,3,,{},2025-11-04 18:04:56.535000
1aebc3a8-010c-4cd4-af5e-c1a142305211,d6f91f74-af9c-4136-999e-634e43159c85,2.5,,{},2025-11-04 18:04:56.535000
ffd001bd-aa8b-4a2a-98f4-4eda04cddcba,bfff51ec-29bb-4da6-aea5-94d75d3bbb08,2.73,,{},2025-11-04 18:04:56.535000
4d982b86-1d6c-405e-8ccd-4d97e0610c5c,0a195f79-5ab7-45eb-9314-8f7856fe742c,16.45,,{},2025-11-04 18:04:56.535000
d0df6b4c-be40-4809-b842-7da5f800b332,26a27b19-3f96-4629-a0ae-01812e821bba,10.18,,{},2025-11-04 18:04:56.535000
b348e661-f11d-41d4-aac9-f618c7fcfef5,36359258-c811-47b3-98c6-872f3c94012d,3.9,,{},2025-11-04 18:04:56.535000
9e51dbe2-1d07-4641-95ab-f1f7926cf2d8,06b4296c-70e0-44c0-ba15-9d92665161d0,16.65,,{},2025-11-04 18:04:56.535000
36e3266d-8a9e-499a-8ecc-05d75dd003b5,322d79b5-1012-4a6c-a5af-b7d592d8da7e,18.07,,{},2025-11-04 18:04:56.535000
6025317e-395d-43b9-b974-ec0c7b65b1ec,58b583e2-c4c5-4fb7-88ee-17cf76398079,9.47,,{},2025-11-04 18:04:56.535000
50ad0b55-ae83-4e73-a3c7-ebc68566cbec,0e31e6a4-5e97-405d-a207-b5a7e2193855,8.46,,{},2025-11-04 18:04:56.535000
8d6c4b46-42fd-4df2-8eac-4cb65b1d8509,4bce18ab-9fa4-4345-a651-8a8fcb1425e8,7.57,,{},2025-11-04 18:04:56.535000
5d8958c3-d1ce-4541-a096-b79e0c0503c0,2a959b0f-7921-4df0-8d2a-6dd7a61a1f63,10.67,,{},2025-11-04 18:04:56.535000
2d772121-ee7f-4c68-b4b2-7b837c93f14c,2520202a-7bca-4505-8bad-e181b6bbd496,6.69,,{},2025-11-04 18:04:56.535000
6772ee06-39b1-4819-b872-a01feb1dd55b,1c40e607-ed05-4284-9648-b3c88d539016,10.66,,{},2025-11-04 18:04:56.535000
f326da4d-014c-4404-bacf-c96de4043ff6,58f39ed3-3b19-42e2-b343-633d37009220,19.92,,{},2025-11-04 18:04:56.535000
9147dbfe-99c2-498a-a244-4d4643ef0325,0266d189-ff91-4eed-bf56-25ba479f2a6e,4.83,,{},2025-11-04 18:04:56.535000
53022320-d513-498c-bafe-a357b2f08859,228ca68a-9b0b-4288-83ca-76e1748cb6f3,15.48,,{},2025-11-04 18:04:56.535000
d95cc78f-ba9a-4074-8109-1c1a01946f8b,59a3011a-28dd-46a6-b84e-419655ec4cf0,10.9,,{},2025-11-04 18:04:56.535000
19c440ed-ca03-40e9-9017-a54439b969e5,45efe56e-f4a7-4e9f-9984-1aa1938913de,13.95,,{},2025-11-04 18:04:56.535000
91001033-7d80-436e-8c2e-031736474737,a0606733-423a-40cb-ab4d-e5eaac981236,5.8,,{},2025-11-04 18:04:56.535000
5d84b02a-42fc-485d-9519-3e1642649f07,d2b23a18-ee26-424d-a753-1775b961d2ce,9.01,,{},2025-11-04 18:04:56.535000
de98f843-b01a-4f4f-a449-b97a389049de,7a17ae68-a608-4e8b-aca4-3a8887ea8f86,11,,{},2025-11-04 18:04:56.535000
a1476daf-6351-4856-8616-bac4540519f7,d58b3eec-4296-4c12-b620-ec28582532ef,5.26,,{},2025-11-04 18:04:56.535000
ba1a2a1e-3b20-4c3c-bef4-cd68efe7a56e,4d9c7e50-2171-498f-911f-7e90c9e1b21a,6.34,,{},2025-11-04 18:04:56.535000
51a03ee5-9ac7-4673-bc3f-374a9bf0f3c3,2411d27d-f4ec-42d1-ac62-a3ab0d5cfc14,6.74,,{},2025-11-04 18:04:56.535000
ac0cae48-820b-4ac9-bf49-8c6e2b0ea445,95f95e06-dfee-45d7-8f3a-6ff9820f5031,0.33,,{},2025-11-04 18:04:56.535000
b2c97269-6916-455f-b873-a8aae37f58df,4658d16a-b03f-4001-b622-5788b95b9d39,0.5,,{},2025-11-04 18:04:56.535000
d44f4d82-4bd8-464c-a7f6-82e5d82b1c6b,5ee10caf-e517-4a6d-a83f-68ae479dbb9a,0.6,,{},2025-11-04 18:04:56.535000
561935b6-fbd0-4be4-b912-19b167c54141,e73ca4eb-9f42-4f97-98f3-e6de58d938d2,1.83,,{},2025-11-04 18:04:56.535000
a5d9a5d0-5429-4dbd-914a-c002514033cc,32a3919e-483a-4b57-8c10-3bdc5769b51c,3.82,,{},2025-11-04 18:04:56.535000
2d9ed89f-e08f-468d-877b-86c179b0524a,18a9a0ea-2f66-478f-beb0-0162a7a14a69,2.64,,{},2025-11-04 18:04:56.535000
5aea4363-13bf-441e-98da-6749e4ba433b,8e5e4db5-1284-4fbc-8a14-fe9353adbbe7,4.6,,{},2025-11-04 18:04:56.535000
17e42716-e8f6-4a81-8681-6ee6bec75390,26fe1678-fc21-46fd-bf67-0f974261f230,4.03,,{},2025-11-04 18:04:56.535000
328a8739-6571-4e5d-8008-c4d063b06cdc,8eac01f6-cbdb-44e0-a2bf-b0e913068443,5.06,,{},2025-11-04 18:04:56.535000
b190df77-4038-44ab-819a-b1bd00765fac,2ddf2eef-3ddb-4964-9e29-aa37477cbe30,4.02,,{},2025-11-04 18:04:56.535000
3d619c7b-ffb1-4a70-9551-f52fa410f444,58de9cda-2e41-4afe-b249-cea386114b60,3.61,,{},2025-11-04 18:04:56.535000
17d41329-3b30-4efc-9cb9-7c65f2f236c8,b58a5b3c-942a-4777-86bc-dd5c7b8eda38,1.2,,{},2025-11-04 18:04:56.535000
e3201be9-c1fb-4809-8cd9-666af3f5ed7c,4c9ce3be-5add-406a-aaa9-64dc25d63370,4.55,,{},2025-11-04 18:04:56.535000
90ab4f4f-4952-4041-bbb3-a48a33fa50a4,b2e79038-4213-4d52-a3b5-ee1a7f91ee70,4.88,,{},2025-11-04 18:04:56.535000
7b68d2f9-def6-4d41-9a65-f5c43c397eb4,75dc18b3-43a5-455e-a46f-006891ce4680,6.3,,{},2025-11-04 18:04:56.535000
4c452d77-1a19-411d-8d64-0e7af85242c0,b4ed3741-425f-4e19-9d99-ef4c47657596,1.33,,{},2025-11-04 18:04:56.535000
ae8d1b82-e21e-40df-bf1e-e1977423de69,47f43149-c51c-4ede-b33b-b0be9ea6cf6e,0.6,,{},2025-11-04 18:04:56.535000
47b212de-c698-49d1-97f4-414c822e8685,a2020e0f-1ae7-4c18-8843-74423f5c1bcc,0.6,,{},2025-11-04 18:04:56.535000
8dde007a-cc12-445f-8626-6b9a02276d7e,9adf0bd9-d5e8-4b80-9c07-97e52454aef8,1.5,,{},2025-11-04 18:04:56.535000
8fe1de55-87e2-4081-b251-b2fc1c4d7211,0fef8602-064a-4cab-afad-6ea7c4450d48,0.6,,{},2025-11-04 18:04:56.535000
4c4f561b-0717-4c08-815e-1fdc14fb91a3,d373e333-2935-423c-9040-f10fe52cf9d8,0.6,,{},2025-11-04 18:04:56.535000
e5c4de6b-f8f7-422a-9014-d8db918d8b18,ae309855-b32f-4594-ab0d-fdaffb9276ad,2.33,,{},2025-11-04 18:04:56.535000
f80bf355-30a3-4149-a831-a6492aab8b20,e31512d0-22e3-416b-8885-7f31b6e4ac97,0.6,,{},2025-11-04 18:04:56.535000
f1d5468a-47cc-4cd8-9c01-9c1c9547a3fb,1caed552-1776-4e6b-bfbe-c307f2084564,0.6,,{},2025-11-04 18:04:56.535000
58405e06-99c0-4b88-86aa-c7899f450c9b,a2d9635e-fc7b-4b94-91d2-2303b0220599,3.74,,{},2025-11-04 18:04:56.535000
871272e4-eace-4ce1-8826-d9fd68e41dc4,61e01722-eec5-42cf-bb4a-810517adbf96,3.4,,{},2025-11-04 18:04:56.535000
bce3e85c-ffaa-4125-8e61-427e7fa1254e,2284794f-4a1f-403b-a66e-bc799159fab5,4.1,,{},2025-11-04 18:04:56.535000
d9abd9b7-044e-46a2-aa5c-587b536a264b,c05203dc-fc3e-4af8-96c4-45e786a2ac35,6.56,,{},2025-11-04 18:04:56.535000
7f44d5db-a846-4f94-883b-aaab78c2972b,e7cf852e-fedb-48ef-a24e-702863ab5904,5.27,,{},2025-11-04 18:04:56.535000
737b80af-cc5b-4456-a7c0-dbc77929963d,9e50906e-d4cd-48da-85aa-8ec2a354f8fa,3.58,,{},2025-11-04 18:04:56.535000
7f578d8c-bfc8-445c-9e4f-aaae2254e4cd,ac6f41c7-ee58-4b00-8e82-cefa7b32182b,2,,{},2025-11-04 18:04:56.535000
cdb100eb-f28c-4701-a9c3-79f61d769c1f,8ba02449-933a-4576-8235-4366d0b4d050,3.33,,{},2025-11-04 18:04:56.535000
13ede799-9c52-4fcc-b622-12656f657594,8471bb61-51a5-4c29-92c3-b2c2dc8e2649,3.33,,{},2025-11-04 18:04:56.535000
e912cf06-3f72-4bee-9152-6d8ad4d8cc96,328f71f8-229e-49f8-a752-3e2b7b819697,1.82,,{},2025-11-04 18:04:56.535000
fb1cae39-602b-43c1-81c6-a490623512fd,76e51950-8306-4d77-93c3-0300869cedc8,3.78,,{},2025-11-04 18:04:56.535000
96122207-eac7-4288-8a78-609ff44a4629,f1ed889f-828e-4fca-bd9f-2630ea1cd747,5.5,,{},2025-11-04 18:04:56.535000
b33ac1a5-c229-4c36-b663-fe944af5c1e1,3a618a96-79f7-4bc1-8ac8-eebb63850baa,5.2,,{},2025-11-04 18:04:56.535000
2bfb7a72-660e-4376-9a9e-91e8a0fedbc3,3164571a-be2e-4448-8a3c-cd3f95cd2e6d,7.4,,{},2025-11-04 18:04:56.535000
fd0ff36a-0ab7-4bb2-88c8-11c5a1da4fb9,83f2ac8c-5675-43b0-bccd-1a9dab2f9af6,10.3,,{},2025-11-04 18:04:56.535000
3b256c5c-5a0a-46d5-b729-ec53db681157,05d98510-d782-4b03-83cd-e339fda9a471,1.32,,{},2025-11-04 18:04:56.535000
b5d9cd19-1803-41d1-9399-246709d91bf1,ea4b2cfe-c06f-4c3f-837b-e45f3d1d6b5a,1.4,,{},2025-11-04 18:04:56.535000
ff9194dc-5264-4d49-b42e-8c011ee9b92e,20b46c4d-fdba-4daf-a110-60cf8a1f2116,2.18,,{},2025-11-04 18:04:56.535000
f9dd652c-ff04-42a3-89a1-afd5e8428058,b132148f-9f01-49f0-a384-17b8dcf51fff,1.32,,{},2025-11-04 18:04:56.535000
41c6c025-f3b2-4fce-af0b-9066162de394,94a7c9d1-d2b3-45db-bd08-10b3969df990,1.4,,{},2025-11-04 18:04:56.535000
744144f8-d577-462e-bc7d-ad9d1dbd6241,c093e6ea-92d7-424c-a46b-f765284c4193,2.18,,{},2025-11-04 18:04:56.535000
cf88b8b2-85f8-4f03-a8df-8a212817a11e,da5cf31e-c7c7-45b5-94df-98f237eddf5e,3.33,,{},2025-11-04 18:04:56.535000
170efe7e-6e56-420e-8280-0bcf10053951,21f9f7fc-a094-4510-8cf8-08c7c5e5998a,3.33,,{},2025-11-04 18:04:56.535000
eeba2a68-09e1-4da5-bacc-c170fcf57dea,cddc4bbc-ba40-43b8-b150-34788d7760b1,4,,{},2025-11-04 18:04:56.535000
6e849866-a745-4e4a-acf6-9b4a81ea7c93,0b7fe190-4548-4601-a7d6-ac76d40e4bde,1,,{},2025-11-04 18:04:56.535000
49a7e15b-3c2a-49e5-bb12-b2638fc5abf9,00953446-ad10-4019-bd1f-7772ed9c3288,4,,{},2025-11-04 18:04:56.535000
8e3a1936-1f65-4827-a4ac-ab17a0541ef9,12ead91a-6b14-4d88-8ff0-350d09f9875b,1.6,,{},2025-11-04 18:04:56.535000
e0612ac8-6130-4512-8f67-ea362460eb9f,01fb1bb7-b9f3-4e48-beb8-de48715ed18f,1.28,,{},2025-11-04 18:04:56.535000
1e26ad66-2dfd-4928-a2fd-fa5fe01a2ff7,60c053a1-76a9-4705-955d-5cf71ee526af,1.7,,{},2025-11-04 18:04:56.535000
ab9f63b7-0bbf-4c6e-93af-0258d8b8cfc6,7a5ff5cf-f318-4801-bf07-ffe4281875b8,1.88,,{},2025-11-04 18:04:56.535000
b61b381b-5df0-4fb9-a6f5-fe75d4d0188c,5d1012d8-2bf5-4fd1-a7c8-c45c9050bb28,5.99,,{},2025-11-04 18:04:56.535000
22026fd5-ea8e-4242-9e58-cef1f58a80f8,b6fd4e89-7473-419a-a302-3e381a41ea57,7.66,,{},2025-11-04 18:04:56.535000
35396679-7658-4bb7-95b8-b4aafb37e571,56315eca-8c99-4af0-8353-c7844557a99d,8.33,,{},2025-11-04 18:04:56.535000
c3884b1f-7ce4-4568-8caf-296af892cf8d,f4028649-2e86-433b-a71a-ce1c645eda09,3,,{},2025-11-04 18:04:56.535000
6864af05-0460-4ce9-a060-ae850571f76b,99fdddb3-6121-4a7d-9ae6-b670ba514094,4.5,,{},2025-11-04 18:04:56.535000
5ca4edef-0ce9-46c7-a715-4d50a5e1dd36,e27144dd-d35d-4dcf-bffa-be9123e47418,5,,{},2025-11-04 18:04:56.535000
d1554f9a-9bd3-4dda-b6d3-fd02be2de200,4cd7ec19-f69e-4487-bd2d-14b46717799d,1.64,,{},2025-11-04 18:04:56.535000
d83dd9ce-ec61-4ce9-bb2f-49f517e6cafc,f609ea32-1d85-4704-91d9-d9268af54794,2.75,,{},2025-11-04 18:04:56.535000
19dedcf4-e7f3-4754-a24d-ed3f73f1b830,45ec3b49-8158-4dfb-a6f3-fea2a8155b99,2.64,,{},2025-11-04 18:04:56.535000
3849756a-f417-43ce-ac2a-5ec411f3c3ef,284914c7-0288-450b-83c0-2edeb23dc078,4.26,,{},2025-11-04 18:04:56.535000
125d42fd-2d36-4630-9586-841cd744a34a,2ffa3a4c-bec8-4da9-a4c9-9669914330ed,6.51,,{},2025-11-04 18:04:56.535000
498c6024-88c4-408b-ad55-740c3e965f38,e1a15e32-c2d9-449f-8c67-062b4fc2b312,6.83,,{},2025-11-04 18:04:56.535000
34748829-0618-4444-8c83-9887f4c27ea5,cc7af992-3e78-498a-814e-60d8aaf33106,2,,{},2025-11-04 18:04:56.535000
9c5ca8eb-e61a-4815-ac1c-82ca3399231a,c1b133a1-b90a-43d3-8b31-18a479233dff,2,,{},2025-11-04 18:04:56.535000
65743afa-67c3-4d8a-96c4-f3dd4259a6fc,94cd2421-5929-4aaf-9423-cda42eb05d41,2.33,,{},2025-11-04 18:04:56.535000
da1818aa-37fa-4861-b37d-d32d4a187adb,6069a88c-133b-4d1d-aa2f-4084bb7846c0,3.77,,{},2025-11-04 18:04:56.535000
d39abfda-bc9e-4a16-a82c-addd9ed5e3d0,8961f1c1-1a5b-4a85-969f-50b099397013,4.13,,{},2025-11-04 18:04:56.535000
611f9649-06ba-4f54-b228-0ce1346fcf21,3119adb4-4a13-4092-bc4a-18089fd793fd,4.45,,{},2025-11-04 18:04:56.535000
b7cd762e-6c23-4e22-b6b5-e8ff4069bc62,4fc499e9-feda-44ab-84c7-59033ea9c729,6.23,,{},2025-11-04 18:04:56.535000
0cbe8679-6a80-42b5-9bff-8f4f29aaa94c,b5e3fbcb-0263-4478-ac0e-f4dac00aa54e,6.42,,{},2025-11-04 18:04:56.535000
b77da440-64c3-4792-96e3-113ce630f0c4,ef545274-c158-493c-985c-872cbb8aeae2,6.61,,{},2025-11-04 18:04:56.535000
a8a7545d-eaab-444e-b41d-bd68ee3af9c5,e3887042-11e6-4f36-8337-bfca0b3087f1,5.55,,{},2025-11-04 18:04:56.535000
fa46880f-da4e-4bca-a073-5a71e0888f17,2924f947-52b4-4314-9c8d-65b71e87b277,5.69,,{},2025-11-04 18:04:56.535000
48f9b807-b291-4913-8a35-591fc2a0fb6f,a7ed1e73-47e6-4632-9428-48283e8553dd,5.71,,{},2025-11-04 18:04:56.535000
c0703fcc-f382-4def-b444-08351be28c3d,7ad020c3-fe9a-4fa4-a051-fed666710f50,4.16,,{},2025-11-04 18:04:56.535000
5dd7f0c9-8e08-4d2c-a241-de202bee10ee,00b7c38e-e090-44d2-9734-c55e85003164,4.33,,{},2025-11-04 18:04:56.535000
5904ec62-6ee7-439b-b968-b78e1db12a55,2538d6e9-f8f9-49db-a21a-9511fd502f4f,5.16,,{},2025-11-04 18:04:56.535000
a5a5272d-58da-4de4-bc12-f98528ba2269,fbb3294c-383a-4064-9dd1-11e98ef34e2c,0.56,,{},2025-11-04 18:04:56.535000
6348c10d-9681-42f6-83f7-8a386faae845,43bae990-94f9-498f-8189-15f0feb81a0e,0.62,,{},2025-11-04 18:04:56.535000
9d0e6734-d113-45bf-92c9-16ad81d6ad75,ac145f51-7c21-4915-9334-10ad2a972697,1.59,,{},2025-11-04 18:04:56.535000
2ca23a52-ccec-45e2-b851-bd5186519cad,95e76084-1292-4759-933a-4581f75864c0,2.61,,{},2025-11-04 18:04:56.535000
d86ab66a-57fd-45e2-9710-3992a5041089,548a5efa-009c-4f29-b557-e74252197ea1,2.73,,{},2025-11-04 18:04:56.535000
1cfdc48f-12ab-43a3-8f20-4a855bfc837f,d49bd2f2-1cae-429a-b145-87800e57cd22,3.79,,{},2025-11-04 18:04:56.535000
509664a4-8d6e-48fa-bb86-ee812c9c8070,4b359ea9-f023-4aaa-ba58-bc2b6db43959,1.47,,{},2025-11-04 18:04:56.535000
612d481b-0b2c-4b2e-b748-ad04d2b5a064,447643e9-d670-4e4d-bf7b-da4776812fb8,0.34,,{},2025-11-04 18:04:56.535000
cf90d22a-9dbe-4ae8-9a1e-0096c5c06081,78a11025-ee0d-4bbd-80ee-003ef9081e39,1.07,,{},2025-11-04 18:04:56.535000
2d989b6c-589c-4466-8196-c392dc2bdf72,68869cca-1db2-431e-a497-8d1d460ad5d1,3.45,,{},2025-11-04 18:04:56.535000
5243672b-0241-4aa0-80f1-d104797417f8,b3249277-391a-4a07-91e9-f714678ea067,4.38,,{},2025-11-04 18:04:56.535000
d0f96c68-d575-4fa6-ae36-b9c03fb7d963,41030a17-0451-4f40-ab64-a4ac6a885479,4.71,,{},2025-11-04 18:04:56.535000
1a44996a-b2ed-4718-8ace-04d953fdad4d,cf66d452-0764-476c-999b-6967216bf921,1.11,,{},2025-11-04 18:04:56.535000
d2238ee8-f5f8-415d-a993-033a95683458,7f32188d-3a56-4f5c-865c-1ba32c1ad247,1.25,,{},2025-11-04 18:04:56.535000
ce659e5d-500e-4854-9501-69b1330b7c48,1dbfc35a-9c51-464b-9f9d-b0f1aa5c56bd,1.95,,{},2025-11-04 18:04:56.535000
eb7efa59-d2ba-47b9-82db-1f8c4837fb0e,cab4f22b-b5d6-49b5-9269-50f92061167f,1.23,,{},2025-11-04 18:04:56.535000
e0486c4a-6f3c-4dac-9f07-98002daf2ce5,0c145011-2e7c-4c50-a995-91d9d3169920,1.25,,{},2025-11-04 18:04:56.535000
55f7be7e-bcbb-4524-b16d-4c05dd760baf,e92d65e9-b3c0-4731-baf9-38378a2bc009,5.1,,{},2025-11-04 18:04:56.535000
e721ff1d-f01a-42e5-b776-1926cd578788,d88fa4a6-2a22-4c8e-bf7b-5cd2d539e9e5,1.51,,{},2025-11-04 18:04:56.535000
69f29302-23f4-498c-b226-cbebbe9bcfef,5c921b93-b1b3-4fe5-b6c8-87920f9958a3,2.27,,{},2025-11-04 18:04:56.535000
a1412d9e-7f95-4889-9fc9-797e8e4f2130,e66cc926-c9d4-4be5-9f22-f1348115fba5,2.37,,{},2025-11-04 18:04:56.535000
736e2007-953e-48f3-a9d9-9018b8e273e3,f0a30a10-f76c-4b6a-929c-8a8f53618132,3.06,,{},2025-11-04 18:04:56.535000
0a30711d-91cd-468f-bc24-d98f02ac0d49,91ff2427-c56c-4c6a-acfc-04c92e8d62b9,3.85,,{},2025-11-04 18:04:56.535000
29850adc-833e-4053-a09d-0c7f0f53e2c8,fb4c83d6-e4a4-4d55-89fd-5f226af93c21,3.68,,{},2025-11-04 18:04:56.535000
04a0fc22-7b71-458f-868b-256df066deb9,52387465-4a0c-4a58-a963-edfa363231e0,0.91,,{},2025-11-04 18:04:56.535000
bfd3e641-f1ec-42a1-a2f5-5d64322dfda5,ca7be5b1-4c54-475c-8119-3079f90328ac,1.4,,{},2025-11-04 18:04:56.535000
ab58267e-f007-400d-8728-14e6cb95eb7f,321a7637-4a4d-4bce-8a27-024d458e5911,1.91,,{},2025-11-04 18:04:56.535000
e4d329be-d31f-4694-83e1-97f14a694e1a,b5bdf507-065b-4b9b-a5ed-65cefaade86e,3.43,,{},2025-11-04 18:04:56.535000
998873e2-7f19-461f-8e20-847e2c68d639,ae6fec91-553a-4e08-b697-0f8378318dc5,3.11,,{},2025-11-04 18:04:56.535000
5fd5dada-7681-4e70-8183-ed1e04957090,7fc62aa6-190e-49ab-b842-57cfcc151b0c,2.77,,{},2025-11-04 18:04:56.535000
652f75f6-d71b-4f98-a467-a0dec5c56772,70d98ff3-0bb5-4079-9e30-a6d84ef676e7,1.13,,{},2025-11-04 18:04:56.535000
9cc4ca8d-c724-41b3-b46d-53dded55ae8d,2ea01da5-51fb-441b-b141-5913debe69bb,1.08,,{},2025-11-04 18:04:56.535000
c6689a5b-2936-4476-9976-9bd7c8520425,be8effe6-25fc-4fea-8689-b42e33419545,0.98,,{},2025-11-04 18:04:56.535000
38b6ba0f-7f8b-47fb-a660-dbd345187d9f,6658544a-e493-4961-844e-1207a70e9ec1,1.44,,{},2025-11-04 18:04:56.535000
8cef4252-37f7-4d0d-9cb5-3b48984f04fd,7a6e30e3-4eff-4641-a49c-3a5cedae3351,2.47,,{},2025-11-04 18:04:56.535000
8b142592-87cd-4779-b27d-8aa66495502b,04170479-440a-48d2-a60f-46e7914c4e2a,3.25,,{},2025-11-04 18:04:56.535000
8ed75f38-1ae7-494a-9f8a-9f3278f7921d,b1dfb58e-6eaf-4e58-89b8-ce9d20be513e,1.48,,{},2025-11-04 18:04:56.535000
61be8fc2-9053-4962-afd3-8460b7901c29,5cfdae8c-beee-4173-a271-d08223d36387,2.23,,{},2025-11-04 18:04:56.535000
79ec847b-be45-489d-ae27-76f98ff3f957,744b692b-97e9-4021-ab34-c08838e972d0,3.61,,{},2025-11-04 18:04:56.535000
0d401da5-adf2-4d7c-a248-be783f6bf69c,d9d5352a-08ba-41c5-a1c6-e582581cc92a,1.5,,{},2025-11-04 18:04:56.535000
a7f14f6d-6da0-4415-bea6-1e5b2d440473,dea3e964-d98a-40a0-9a36-7ee30425f1c8,1.89,,{},2025-11-04 18:04:56.535000
8cc01fb0-2146-45e4-b2d2-ca18add18875,01eec494-257b-415a-977a-9cd90f45489d,3.59,,{},2025-11-04 18:04:56.535000
36a39bb5-6077-4fdb-a5c4-fa21674d80c6,997c25d1-18ae-4746-a49a-c78dcb44f3b0,1.13,,{},2025-11-04 18:04:56.535000
6745dc2a-e421-4332-83b9-751643bfb779,9687d384-4884-405e-8773-7bf82d8e7acd,1.16,,{},2025-11-04 18:04:56.535000
50c827b4-d2d8-40d0-acf4-8b3ee95a278e,4c5caf36-7f94-4a4c-afc4-13bb6f19d6c8,1.17,,{},2025-11-04 18:04:56.535000
ad50eaca-e963-42e3-8493-7ffa307d9288,f5a33c99-5154-40cc-9b94-51eebe49a783,1.03,,{},2025-11-04 18:04:56.535000
ed0584eb-1d4d-4661-9f7f-8cfa7c1184e8,d6953fd1-ce5d-4523-9f24-25e4cc4d58cb,1.11,,{},2025-11-04 18:04:56.535000
6ca6ce85-3fae-4341-9aaa-a5017b907f30,02c343f3-fb0d-4666-b92d-921c97fab103,1.48,,{},2025-11-04 18:04:56.535000
e11c76b0-10b5-4313-bf90-d53eaf0d7d0b,507ce828-150f-4632-9ac8-deb1cec8ab96,1.38,,{},2025-11-04 18:04:56.535000
7285c18e-eeac-4c0d-9a4b-dfc5eb53559e,ae1e218b-dfcb-4507-892a-588f0846f8a8,1.85,,{},2025-11-04 18:04:56.535000
24c9d947-8661-4514-99e3-67647bd34a4f,686b5b3e-9053-4a0f-ae14-14a3c7dcc432,2.96,,{},2025-11-04 18:04:56.535000
04b99d45-43bf-49fa-b1fc-60bff927fd03,cdb910d6-9542-4a82-887f-4796da450fd6,2.34,,{},2025-11-04 18:04:56.535000
c82065e3-18eb-4ec0-baba-72b9200a7358,2c3470d6-9ab4-49cf-8b6b-b5549d38dabd,3.59,,{},2025-11-04 18:04:56.535000
7df7f1b6-8e83-4658-b6ce-5ace7ff8781c,5d372163-8f12-426c-93db-6a0dbe0820f2,0.16,,{},2025-11-04 18:04:56.535000
7a2df0d8-46d4-41aa-bce8-14fd2de84257,33df2bf0-93c7-401f-935b-83e823b10661,0.11,,{},2025-11-04 18:04:56.535000
37ab0eed-513f-4281-b42e-4be6b88e584e,20a74e8d-aff4-4503-bd90-2a692111e653,0.72,,{},2025-11-04 18:04:56.535000
ccdb9c50-daa9-460d-8a21-7902e47cd3ce,694b8e7e-e4bc-4057-af5a-1a8c1905ab83,1.75,,{},2025-11-04 18:04:56.535000
d9fa764c-ff53-470b-b51f-f3e72658f441,52800b0d-ff6e-41d5-8497-0094ade33984,1.73,,{},2025-11-04 18:04:56.535000
767758c3-a9cb-4158-83a7-cdc3c184d12a,2b04c9a5-3d6b-44c6-a232-fe93ee1edf91,1.71,,{},2025-11-04 18:04:56.535000
de04ca82-6b90-47af-8c95-b83a2f89a11f,9c125cc7-7b7c-4b05-91b9-2f7f8854f665,4.23,,{},2025-11-04 18:04:56.535000
86b69911-9cd3-4bc7-b871-cdfad612f8a5,2910aa75-fddd-4d33-b360-5ab053ac200c,1.73,,{},2025-11-04 18:04:56.535000
70e04f08-6bd6-42b9-a398-06574821d3ee,f298c5db-ca78-446a-a990-4e48baa8b8ea,1.67,,{},2025-11-04 18:04:56.535000
91c82e52-562e-4e46-a607-00b4c7d6ecb8,61587c22-537a-4753-9a2e-1cefb8dbe92c,2.73,,{},2025-11-04 18:04:56.535000
85c673c4-36ad-4134-9599-e94488402a6d,602757d5-2541-4645-ad97-5a3f33745300,2.48,,{},2025-11-04 18:04:56.535000
ad34f7a6-cbb0-411d-9549-8d6d6a747168,b168844f-e873-4f56-9369-908d3730f1e9,2.44,,{},2025-11-04 18:04:56.535000
283353fd-f010-4300-a826-819b06726f40,a1d31db3-99d0-4f70-8a3c-fd031334507c,1.01,,{},2025-11-04 18:04:56.535000
c92ad01b-b4e8-4de8-9d40-fadab408601e,7bf7b3ec-e839-429a-8562-e17880625a42,1.37,,{},2025-11-04 18:04:56.535000
7025ed39-f1c5-4175-8d34-cb18e4fa9290,39e51da7-2e42-47b0-987f-4f55615f2145,1.37,,{},2025-11-04 18:04:56.535000
1e586cee-ac2e-4ecb-be6a-632f8d2a5556,6738ceee-0ce0-4ed3-81fb-c65b4cf8d1c7,1.02,,{},2025-11-04 18:04:56.535000
55f0b763-9fba-44fb-9c00-a99d5e575a62,68c79f2f-0868-4857-a369-ddfa5ea4fee1,1.37,,{},2025-11-04 18:04:56.535000
6c1d08b9-d46f-479c-9f10-e0debafc54e0,4016c40c-f687-4eb0-b736-583ff13c33db,1.03,,{},2025-11-04 18:04:56.535000
180e17d0-7ef1-433f-9644-fcca4d934f18,f840f779-1678-4065-8049-fa6d65e6b6de,4.65,,{},2025-11-04 18:04:56.535000
a7761e6c-fe41-4bda-ae56-d4439efad7e5,2b5a8e0a-3601-4c1f-b7b0-8a8687dc0ec2,3.07,,{},2025-11-04 18:04:56.535000
5d54099a-2bb6-47b0-b3bf-fcf5c329ff37,a5d71e7b-5200-4ba4-b59a-9518d2dec749,2.47,,{},2025-11-04 18:04:56.535000
41e31ce1-ff70-4eb8-999e-8065a977b594,83dcb0a1-1cb4-4e2c-80e3-86ff7a3a4623,4.33,,{},2025-11-04 18:04:56.535000
47b9e5cb-b1aa-4981-bfc4-3234435da6a0,59f63d04-7143-44f3-b802-8cf035cc0d62,0.29,,{},2025-11-04 18:04:56.535000
40514531-4d05-4b73-bb00-e5eb93175150,7bff7523-8afd-435a-a963-31ec2c70a92c,2.12,,{},2025-11-04 18:04:56.535000
1685d326-e04d-4d8d-8819-5cbb1329b28f,3fef5e72-e2d8-435f-b371-0ba939a23f2c,6.13,,{},2025-11-04 18:04:56.535000
e23b0a32-40d2-432c-82cd-042205144424,c5cfa9dd-e8de-424d-acb2-8c214d54660f,2.81,,{},2025-11-04 18:04:56.535000
162eb163-edc9-41c2-8ed1-f9e0085fcbac,9320cee4-6dd9-4379-ae14-208d2f749224,4.92,,{},2025-11-04 18:04:56.535000
4c22ad20-885a-40a2-ab71-5195c87c05e6,850b9c13-7df4-4bed-8ab8-b56a9afc3d2a,7.53,,{},2025-11-04 18:04:56.535000
4463ab10-a7a1-4d10-a3dd-1284dbe07008,17cebbfa-ae43-408f-9ff0-9662e3c8da8f,6.4,,{},2025-11-04 18:04:56.535000
5d94e9b4-068b-4a8f-b110-01b8ac03333d,123dedb9-70fb-41ec-84ae-d4d0b8c9306b,6.13,,{},2025-11-04 18:04:56.535000
ae9dca83-df38-4fd0-860a-192ecaa5b1a1,73760520-19f7-4ef6-9534-fec365c6c693,1.95,,{},2025-11-04 18:04:56.535000
89122099-026c-431f-b090-a0309661aa16,6367866e-be09-4d52-a29c-4aef92afdeea,1.93,,{},2025-11-04 18:04:56.535000
d293f61d-5a2b-4470-b604-f1c0fcf7d34d,ef5760fa-1ac7-4add-96eb-15c1cb44c2d2,1.87,,{},2025-11-04 18:04:56.535000
9577c8b9-8df7-41b5-9934-61293977ef49,8cc9801f-f838-4fa5-a636-03498407302d,4.39,,{},2025-11-04 18:04:56.535000
fdcc1854-57a5-403f-b8ed-c15122a73fa5,0ec5da9d-992c-463c-b4cf-f4b78ca86bc9,4.42,,{},2025-11-04 18:04:56.535000
37cef5d1-3c4f-49e6-9acf-ec64387fc9b4,89196656-6f88-49e5-b6a2-903fd4fcacf4,2.88,,{},2025-11-04 18:04:56.535000
27b638a1-e5d2-4a1d-8368-28021c08f168,623d56d0-c88c-4147-8add-a496928b09c1,1.66,,{},2025-11-04 18:04:56.535000
94d1d670-f3dd-42df-9d02-43242898aa02,523d0217-392d-404e-8b69-a397c8521765,1.02,,{},2025-11-04 18:04:56.535000
1655bd52-2c76-4fa6-9157-25aac0868af7,b75c8e51-e0cf-4fa7-a14d-585019eafccf,1.34,,{},2025-11-04 18:04:56.535000
c818a737-2dca-4ef1-a7b9-ba11acfaea9a,4b20720d-163a-4697-befa-47951f2b89db,1.02,,{},2025-11-04 18:04:56.535000
c5fe3912-6f4d-4c0f-9e5c-4a5132c96dc9,fb683870-cac6-47c5-ab34-9cb29dd5068a,1.04,,{},2025-11-04 18:04:56.535000
dad09804-0535-42a4-9392-6949e3a534cf,ce2e144c-326d-404f-87c0-b98e0b722e0b,2.71,,{},2025-11-04 18:04:56.535000
559a9401-ed0b-4a4a-afd6-8be35b1d6dac,a0674f13-eca2-4a26-a75c-de699b90caeb,0.7,,{},2025-11-04 18:04:56.535000
3b60ecb8-f4be-4749-98d8-a076338f136b,27dbee06-65f2-4600-991e-09471a377c0c,0.79,,{},2025-11-04 18:04:56.535000
5c0a68c4-e00b-436e-9723-1e20556a7220,e2fd84b3-dc80-43a9-a17f-9df85c46ac49,0.78,,{},2025-11-04 18:04:56.535000
d83c4986-b8e1-413a-af80-145fd042c213,0f166bbb-f40a-4a91-b328-706332955ba8,6.8,,{},2025-11-04 18:04:56.535000
7316682b-2168-4ea0-a921-c188e877286e,00e03085-8e63-4928-afda-7f64b95d8773,7.62,,{},2025-11-04 18:04:56.535000
95fe00d1-2548-432e-a45c-3a958d04fe61,d3d0b269-855f-45b2-9ac2-4c7883e1fc78,6.68,,{},2025-11-04 18:04:56.535000
99311391-6e29-4f46-8d42-21ba011c06bd,8ad4e5c2-a602-4418-bb5b-a39885bfa670,7.29,,{},2025-11-04 18:04:56.535000
8119a868-c7ad-40fd-8325-5b6794c6ac28,60695abf-4979-44df-a8b2-b034fdcbbb30,7.94,,{},2025-11-04 18:04:56.535000
fb549f99-4066-4c28-abaf-de892b451414,02694dbc-9b8c-44c8-93c5-8a89ed0a7ad7,6.84,,{},2025-11-04 18:04:56.535000
9f7e6962-4a89-4216-a9d2-abf82ff44ddc,8d313d90-cced-4f46-b6ad-b95649a6e036,3,,{},2025-11-04 18:36:12.098000
ce9eff23-fff2-4fc6-8ad8-253ef4620dbf,676ce772-b012-4c30-93ec-25cf76e6ed7e,2.5,,{},2025-11-04 18:36:12.098000
3cf22ac4-1a97-4792-aa5c-e6f7811149a1,f773a07f-b3a5-4d27-b0a2-e5a82f1783b3,2.73,,{},2025-11-04 18:36:12.098000
4eb601cd-f71a-4121-a444-eba2f3c1c318,a12b193b-57c2-46df-b060-141ac45cc885,16.45,,{},2025-11-04 18:36:12.098000
7cc98628-550b-4553-befd-867591e3e452,f7916e70-0ec8-4987-b113-e90288bebc38,10.18,,{},2025-11-04 18:36:12.098000
2d55fe5c-cab2-45e4-9c0f-bcdcfda5f401,60cd0655-c581-4daf-84e5-dbeeae83b787,3.9,,{},2025-11-04 18:36:12.098000
09f386a2-fddf-44b2-8057-343d33860bdb,483671c2-e919-4d52-ad9c-539b383ce131,16.65,,{},2025-11-04 18:36:12.098000
eeb5d378-4606-46f9-be08-7989d8e41ec0,0b12aeae-c95c-4b3b-9cd0-d1c594921580,18.07,,{},2025-11-04 18:36:12.098000
9661a8af-db32-4aeb-83d7-743403d471a6,b5cf9478-70b7-4096-a4d6-6baf456f6d3a,9.47,,{},2025-11-04 18:36:12.098000
078ea1a2-2e50-44a4-a571-88b0ef8e5968,7112311a-6e67-443c-9cee-470d2b8ef084,16.65,,{},2025-11-04 18:36:12.098000
15f9e673-95f6-4ca2-8539-0d1b170c1f0f,42dfbd96-d525-47f5-9b13-702016ff7a15,18.07,,{},2025-11-04 18:36:12.098000
13c1bfee-9c59-4f5e-93ea-893a71249a94,ec4cfd4e-aa54-4193-b5ee-71946633824f,9.47,,{},2025-11-04 18:36:12.098000
24a5cf31-40b5-49d8-a8c4-c0cee412adb3,8516f0c3-5aa0-4a5e-805a-65b5e349a773,5.71,,{},2025-11-04 18:36:12.098000
8078721f-6a0e-4be1-938a-9fcb694cc4b2,2075b812-7c53-472d-b8af-688eb733e2be,6.96,,{},2025-11-04 18:36:12.098000
dc86cfbf-fd4b-4f71-9b71-170e5c77f129,8471704f-a3cb-4950-86c0-dffdfd969f0e,7.79,,{},2025-11-04 18:36:12.098000
a44555b8-b803-4e66-bfc3-43797ff203c6,57c7c57b-09bd-4042-bb26-8b3722b93057,8.46,,{},2025-11-04 18:36:12.098000
cffe0461-27c5-4c21-9749-a4dd3b3b8a29,25f5700a-3105-484d-81e9-3f6907a48b68,7.57,,{},2025-11-04 18:36:12.098000
7b2f82fe-1506-4b79-bb2e-98eff14107c9,04b8236a-8c42-48af-95c7-fda3fb6f5d8a,10.67,,{},2025-11-04 18:36:12.098000
75bf0082-aab5-4d52-8f9d-538f92988200,a3cf0434-1ace-4a52-9f3c-bb8d0d943fa2,6.69,,{},2025-11-04 18:36:12.098000
e2b5fb15-7244-4216-a76a-495e60455f85,82e878f6-7488-4c94-bf18-8e3d7775280a,10.66,,{},2025-11-04 18:36:12.098000
e5379d1a-2b39-4c58-9a5b-a2fbda5f4f38,4cce9867-c1c0-4ac7-ad7a-e971f9ebd8f0,19.92,,{},2025-11-04 18:36:12.098000
e478fb55-9aa7-45eb-9f12-4af0458b8e42,360f582c-b81b-44ef-b8eb-9a4333c9d719,4.83,,{},2025-11-04 18:36:12.098000
ba99d4f0-8c84-48a1-8465-36fcdc8e734f,54d3bfc4-80ab-44bb-8602-1f290fcdfb22,15.48,,{},2025-11-04 18:36:12.098000
696bd198-e18f-4ce7-9260-a4bec9e35727,dee08343-fab9-4678-b09b-836b082f7be2,10.9,,{},2025-11-04 18:36:12.098000
6c79e7e1-388f-40a7-bca6-626d53dd6c23,f135d384-13bb-438e-86ff-59edc2aa9981,13.95,,{},2025-11-04 18:36:12.098000
8414b93e-ffac-40dd-8175-4f946a4286ab,5a1f3d62-04fa-49b9-83e4-126957a94721,5.8,,{},2025-11-04 18:36:12.098000
b3cd5583-83f6-4135-8f2f-9430bc8809b9,fca8ded2-1ed8-42f6-b8df-694b39bbd34b,8,,{},2025-11-04 18:36:12.098000
54044561-68cf-4619-a0c3-edc6fd627dca,8b7df51a-bd8d-476d-b2ab-5e03f55b583d,4.8,,{},2025-11-04 18:36:12.098000
fafbd735-ad86-457d-aa76-129058161559,4d50982b-3e05-40e4-bc03-b7aa2a3e8106,7.33,,{},2025-11-04 18:36:12.098000
b34c3fa3-c280-455a-aa03-bebdc3df15f9,3810ce37-a6c8-4027-8910-62a065e0a774,9.01,,{},2025-11-04 18:36:12.098000
9704245a-cfbb-4740-bb5a-1bfce59c2d66,074d4d6a-966c-4369-a11a-aa416020f5da,11,,{},2025-11-04 18:36:12.098000
8f9787ff-7bc7-4e25-add7-587530eb2a14,5c2c4836-2858-4ab5-bf51-09004eb336a2,5.26,,{},2025-11-04 18:36:12.098000
1d87693a-0b70-4ab2-b763-da78f7fc02d8,18e8fb7c-fbbc-4d4b-8efa-1a9034175d0f,6.34,,{},2025-11-04 18:36:12.098000
30bb8707-45b7-44fb-92ef-80ae6e26e351,6f934e8f-3933-49cf-8611-d8032d551df5,6.74,,{},2025-11-04 18:36:12.098000
8ff361f2-b3c3-4af8-8135-f15b2c90c068,e129e894-5028-46bc-b776-add152467846,0.33,,{},2025-11-04 18:36:12.098000
4798bd74-99ed-43a2-b9a1-98b5ed137bfc,3f2b49b5-5335-488e-a0bf-fe6a46b87dc3,0.5,,{},2025-11-04 18:36:12.098000
6fde4ea7-341c-4abf-9f37-ba51743d4ad2,ad41b670-909c-4173-a528-9a20ca587dc4,0.6,,{},2025-11-04 18:36:12.098000
fc391052-b478-421a-a787-4bcae169a46b,d745b315-b939-4dd8-8333-fa25f84cca7e,1.83,,{},2025-11-04 18:36:12.098000
38503d14-0fd9-440e-921f-5e7fe9f21aab,fba0513c-7603-4fc8-ac66-2ef1ecc74b42,3.82,,{},2025-11-04 18:36:12.098000
e6032ef8-b974-469a-b052-e1821eaebcad,634183e3-112c-45b8-9501-6983969e396b,2.64,,{},2025-11-04 18:36:12.098000
755a3ac9-5250-4bd6-a85e-0bf33f2ea2f8,b2977548-be3f-48f1-a1a3-2aebffa20d94,4.6,,{},2025-11-04 18:36:12.098000
3d989dcd-fada-4fa5-a818-72868c0e3749,17dedcc8-4cb7-4562-9d39-42793e24536b,4.03,,{},2025-11-04 18:36:12.098000
5975eda9-5735-4264-9874-811cca4e5c63,0ca6c6b0-b2b3-4646-a8bc-c77c35f524d3,5.06,,{},2025-11-04 18:36:12.098000
c2953bc8-a045-45ea-a836-b73035e05e5c,d1a08e75-5ea0-43e8-b4f3-ebc54547d4c7,4.02,,{},2025-11-04 18:36:12.098000
99e9f2e1-4cdc-4eb3-ac13-6727c22b4707,87c5721d-0efb-4783-be0d-8e267f0a2f62,3.61,,{},2025-11-04 18:36:12.098000
202b4638-cf5f-44dc-93a2-811dc8e9bd1f,b06d99bc-d84e-46ee-9f11-a284241da7ef,1.2,,{},2025-11-04 18:36:12.098000
e71de58d-d0c6-4cd3-a70a-90d90c92bbfa,4774ff02-598e-4bae-9d4a-1ba7df48c879,4.55,,{},2025-11-04 18:36:12.098000
8b71644b-83f3-451c-aaca-396467e47bfc,01d18067-652a-4653-89a7-9c10a46f9c53,4.88,,{},2025-11-04 18:36:12.098000
8e7a012d-8675-46f2-a9cf-1f1e128aa99e,29b792d5-5cd3-422b-ba56-53bea3760598,6.3,,{},2025-11-04 18:36:12.098000
6ef7353e-60e3-4384-9b9a-9664c362dfc7,1856bc5e-ad33-4397-b959-c6fb991a3f3e,1.33,,{},2025-11-04 18:36:12.098000
f67cd0b7-c3f8-412b-b7a8-5f6ecf01de9d,494cd7f7-6c07-48c9-b638-0535133f4fad,0.6,,{},2025-11-04 18:36:12.098000
1151f469-1319-4d4b-a6ec-5a7020dacaa6,4e50a877-aa27-4804-b323-007aed1d12f1,0.6,,{},2025-11-04 18:36:12.098000
bbf488b8-434d-42c9-87ab-2bb342656188,cc4ac179-70ee-4486-8deb-f00f7394f224,1.5,,{},2025-11-04 18:36:12.098000
8f79bbef-24f9-41e7-8265-082123935172,a1611907-3b62-4881-8145-24c037c5661b,0.6,,{},2025-11-04 18:36:12.098000
6a801a4e-60a2-46d5-8cfc-ec77783a176e,cfd3127c-40b3-401d-bb58-e9baa8a9127a,0.6,,{},2025-11-04 18:36:12.098000
94dadea0-a1f3-4d79-8468-de30355f4e01,da9fbee0-d051-495d-8f3a-a70fead1f23e,2.33,,{},2025-11-04 18:36:12.098000
1e9e4f46-31fb-47f7-a9a6-69e906d702d5,ed5fd863-61d4-4397-8368-592ba4d4b634,0.6,,{},2025-11-04 18:36:12.098000
70204d24-42fc-47a4-9167-b4e9d906e159,d3b38c47-5c82-4e62-a644-34f6cd3f1681,0.6,,{},2025-11-04 18:36:12.098000
a6e08795-1120-4327-8e19-5284b5ba29b4,546d4cc2-1ba2-486d-b857-65ecd69417f5,3.74,,{},2025-11-04 18:36:12.098000
fd90c5fb-91b9-49da-b780-cb0aa731930d,bb8f2b5f-a30f-4965-8210-ffafe7aaf364,3.4,,{},2025-11-04 18:36:12.098000
30cf599d-e2ae-47ab-b16e-6a21931159f5,16b91023-a138-4480-8184-1132aa24867b,4.1,,{},2025-11-04 18:36:12.098000
999721c5-ef05-44c1-9865-1473ec813d92,ae659a9f-a46a-4ab4-adb9-8659714db58f,6.56,,{},2025-11-04 18:36:12.098000
05d30c55-1b44-43af-b70b-06077f25f187,5900a979-9876-4eaf-a1a3-624ca97de1ea,5.27,,{},2025-11-04 18:36:12.098000
338041b9-0eb8-4859-91d8-3e9656ea0bf1,dcd7c5eb-39b9-4ff6-8b76-628949293f7c,3.58,,{},2025-11-04 18:36:12.098000
246b7569-e1db-48e5-8e84-8c40c3161008,c9864b8e-8e08-487f-ac5c-f1eb5e4783fc,2,,{},2025-11-04 18:36:12.098000
78f76b47-8120-4001-95ec-1be74dffc908,f9acdd75-2f01-40aa-9f89-9702ce3a4431,3.33,,{},2025-11-04 18:36:12.098000
124c0de5-6287-4796-8766-cdfbd1dd0871,c448882b-c894-4dd1-8285-3a51da75f293,3.33,,{},2025-11-04 18:36:12.098000
ef45a743-f22c-4ad7-9486-cf1ea23b3336,7160eb92-d9af-42be-9b0d-7c004c129702,1.82,,{},2025-11-04 18:36:12.098000
ad74c6dd-f4f5-4d97-b681-101d6f7523d3,84ec1598-a0e5-436b-a3b8-a7862e5c79d4,3.78,,{},2025-11-04 18:36:12.098000
89269288-a984-4803-9292-144f76467996,cb7e7f3d-614b-4237-afea-cba25054bd2c,5.5,,{},2025-11-04 18:36:12.098000
106ea967-0ca5-4fd3-99be-675eab3fcbcc,0bf638d2-85a1-4dae-ad3a-64b795f9000f,5.2,,{},2025-11-04 18:36:12.098000
5e0ed49f-9f55-4666-ba57-3d9e1b892431,a94bbcbb-f920-44ac-a177-47721197635e,7.4,,{},2025-11-04 18:36:12.098000
5ce339e5-71f7-450b-a5f5-65854c3bc958,cedcf71b-9415-43d4-b2bb-fb755166855e,10.3,,{},2025-11-04 18:36:12.098000
a78d2e08-62af-439e-8619-0a79a1e36e7f,91fbdee4-5e9d-4288-bc8c-65ff121217bc,1.32,,{},2025-11-04 18:36:12.098000
0c60d6cc-1659-4c63-a6e0-ed95345b46c8,14cef9d6-b3e1-4004-a907-6ef1dceb33d9,1.4,,{},2025-11-04 18:36:12.098000
80efffc7-3720-4518-b314-d6e7ea547509,c9cef3e7-6348-45c0-8c3f-e97093772ee2,2.18,,{},2025-11-04 18:36:12.098000
a502752c-cd96-4727-9d74-db0fc3a9832f,e1c561bf-ee53-4230-a9f3-5a68bad7da37,1.32,,{},2025-11-04 18:36:12.098000
5cc58257-6f3c-4cd0-b7ee-2d9c769295bb,42689b8e-3a58-4f72-958f-36d16e6192eb,1.4,,{},2025-11-04 18:36:12.098000
9a79cf33-3470-4d21-a2db-909706ba2c21,c4bad5e4-cba7-4fbd-a80b-59effeb3c5de,2.18,,{},2025-11-04 18:36:12.098000
6ed68a2d-e742-42bf-963e-5e5e7cb3c233,ec5e256a-c29e-4b99-85dd-cec7232e0fed,3.33,,{},2025-11-04 18:36:12.098000
f37be10c-8b0a-4ef4-b74a-4de7f7c07b46,7a9738a8-eee2-43c4-81d0-c43dbeb11464,3.33,,{},2025-11-04 18:36:12.098000
f7f4c884-1af2-4e27-a6c1-fb0c2d8e2e72,d238ae11-3069-4638-99c1-a428991f8413,4,,{},2025-11-04 18:36:12.098000
32d048b2-c094-4d79-9518-bab325cc6400,a4865e57-5496-4226-b39c-6de5fba815b4,1,,{},2025-11-04 18:36:12.098000
1bd91f5b-e2cd-48de-9137-e871f835cdaa,d699a23d-e8a3-45d8-8fa5-bcb71566a06c,4,,{},2025-11-04 18:36:12.098000
571c186a-af65-41fb-a40b-920e4d213484,505bfe06-2f85-4d13-bb25-82968788822d,1.6,,{},2025-11-04 18:36:12.098000
c72bc8e9-6f90-4ec8-b634-b10e30d34228,0ee0edb5-3fe2-4154-90d9-897bb8747994,1.28,,{},2025-11-04 18:36:12.098000
0315ac41-cf79-4ee0-a575-e465a79d2039,9a5e057c-04e4-43e9-88a5-cc67dc4c60b8,1.7,,{},2025-11-04 18:36:12.098000
19b827f3-592b-424e-9fa5-fb1e5155302d,c8b989ad-caa9-46b0-84e9-1e0898eb9041,1.88,,{},2025-11-04 18:36:12.098000
b79690fa-c3bc-4a4e-b7b3-9852dd24347d,09e75951-c8a7-4e15-a2f2-c50045e4f59c,5.99,,{},2025-11-04 18:36:12.098000
37ebfc51-f24d-44db-ae68-b798d8c26f14,95cc2011-439b-4bcd-8c5e-5d4771e1cba1,7.66,,{},2025-11-04 18:36:12.098000
63e8a1b9-d174-4b56-8fdc-62e758a4f89e,40ef463d-ee97-4d08-9e0b-8381c8cd2877,8.33,,{},2025-11-04 18:36:12.098000
ab2bdeef-506d-4086-bfa3-56fb3e2669d0,b6951697-08f1-4602-aece-aae2f56cd09c,3,,{},2025-11-04 18:36:12.098000
19292f82-9aa3-4840-976f-23c386b0b62d,1d79a4e1-43b3-4bd5-b7b5-d03ccde3280f,4.5,,{},2025-11-04 18:36:12.098000
dbf0b263-1522-4768-960a-e4c20294d1e5,85f073cb-3ec3-47fd-9cdc-1f4542df4dd5,5,,{},2025-11-04 18:36:12.098000
96e947e2-032a-4037-aec5-82c76af03d65,12c1f08b-8b7c-45d1-a79d-e8b28b54c26b,1.64,,{},2025-11-04 18:36:12.098000
a5deb7ab-703a-4eff-855a-b3732b2242e4,9188ce4b-3345-468e-b392-c3e5c51a3f48,2.75,,{},2025-11-04 18:36:12.098000
d2f54a23-a6f7-49a2-bccb-a7213dba06af,d5192185-3892-4e5e-979f-f426da2a60f7,2.64,,{},2025-11-04 18:36:12.098000
bc8b4d25-ed40-4eb6-ba16-16db50a74697,aa984908-df57-4cb6-a05f-d88e2d3097ab,4.26,,{},2025-11-04 18:36:12.098000
ab0d7c69-1fbc-483e-9f3c-846e75770502,1fffe368-63b3-4cf5-bc6f-f859b4f741b1,6.51,,{},2025-11-04 18:36:12.098000
8aef3816-141f-44f0-8d64-5abee119a59f,c4cd38d4-1951-4bc7-98f2-60146e06137c,6.83,,{},2025-11-04 18:36:12.098000
96147356-9547-4913-a56b-adc4535d52eb,9a06eb49-7619-4d26-97f5-f4547115f758,2,,{},2025-11-04 18:36:12.098000
e473e517-1336-4439-96e7-e192c7ad880b,caa15cce-b8dd-4f32-ab0b-d7991794e16b,2,,{},2025-11-04 18:36:12.098000
8f19fb0f-5703-441f-85a6-8121e4073d41,58d1599c-970d-4315-96de-23f06af07d9f,2.33,,{},2025-11-04 18:36:12.098000
737d80ed-3c9e-4bc3-8857-e57c1de0213b,1a29aaaa-0bdd-483d-89de-b42c2e057210,3.77,,{},2025-11-04 18:36:12.098000
75e342fb-c038-4c66-b3e3-03ee6f96533c,cd5d8d6c-3163-4423-9a85-7da6639071fe,4.13,,{},2025-11-04 18:36:12.098000
e1cf6dc8-fb78-455c-98fb-1a374ec16474,b856a9e9-5630-4020-a65f-12077211b9ac,4.45,,{},2025-11-04 18:36:12.098000
0d8bbfbb-e9d7-4e1b-8249-2acc1c54a906,cf0abe78-442a-4809-b523-f651d85c3a21,6.23,,{},2025-11-04 18:36:12.098000
2639cf89-edf6-43ea-811f-c143bde8b18a,150c8941-5f37-48e5-abc5-96d1bb088675,6.42,,{},2025-11-04 18:36:12.098000
8cecbf9e-11bf-472f-8f5b-44a1b8b44717,d8bf4e2b-221b-4e5a-9215-ca984b4e3d62,6.61,,{},2025-11-04 18:36:12.098000
46da4751-eb9c-4ef7-bf38-3df0c779caf9,2c0e5f93-75fb-4e15-83d7-311af1dce9c5,5.55,,{},2025-11-04 18:36:12.098000
76baae18-fd82-4cad-914e-324d40967a5e,db3249ed-a535-4c21-9502-ae1dbca88472,5.69,,{},2025-11-04 18:36:12.098000
3a7231f4-dc3c-4054-a76e-0afe7909b6c0,4b5ec63b-2845-483c-9001-a4d9f558ddb3,5.71,,{},2025-11-04 18:36:12.098000
ae41065d-4bd3-4f61-b17c-bb787754951b,25145d29-dfb3-410c-b4ad-25e05ead6930,4.16,,{},2025-11-04 18:36:12.098000
e7616424-3df1-4efa-85c5-28a59e8ddf30,c6b86d84-4982-4609-9aff-54ad10bfd36f,4.33,,{},2025-11-04 18:36:12.098000
97d38e41-a86b-43d8-9874-a02ac7147670,4a352e24-d4c2-4620-8a47-24c2e9f5c9b1,5.16,,{},2025-11-04 18:36:12.098000
0c22e789-a60e-4a7c-8044-6ffe24ee3e1e,c3ee772a-c555-46e2-8f36-b653221aa8ff,0.56,,{},2025-11-04 18:36:12.098000
3ab0abe8-5f98-43fa-89c1-3d66d76f6bcb,18dd891a-01c6-49d3-8afa-0acd0fc5358a,0.62,,{},2025-11-04 18:36:12.098000
0bc2c7bc-6fcb-47ca-8b2d-8a07e67af80a,fee6fcc0-156d-43f5-92ac-2151f78bf59c,1.59,,{},2025-11-04 18:36:12.098000
5565d1aa-cecf-4515-8b38-1d82cb686ae9,dd7b7628-78a5-4a38-87ba-e48c9e3a24e0,2.61,,{},2025-11-04 18:36:12.098000
8d15a875-1288-40d9-9489-137f5d038ab1,1d37100f-f1f0-433d-97e2-800f8649a9d4,2.73,,{},2025-11-04 18:36:12.098000
a04eafa7-dbff-4c85-a1d9-fc94e02baff9,180720ab-a250-43e1-ab9b-6d91ceec259d,3.79,,{},2025-11-04 18:36:12.098000
0290a3e6-f61f-4557-9024-432aebe07dbd,ad009b0d-29b3-4383-9f99-9c9b85df7b27,1.47,,{},2025-11-04 18:36:12.098000
1690ef0e-6db5-4d57-9369-c81060134086,709ebcf9-3635-481b-8f45-9f9fe7bd4578,0.34,,{},2025-11-04 18:36:12.098000
8afba876-5fda-4abc-8899-dec404bf2312,081069c4-880a-4d49-9ec1-b59232062599,1.07,,{},2025-11-04 18:36:12.098000
7886f588-9917-4c52-aef2-ffd71f1a4dc9,8f2cd791-c10e-4947-bcf1-55b72d9033dd,3.45,,{},2025-11-04 18:36:12.098000
9b4f989a-ae1f-4084-bed1-c5e7ff2ad7bc,17ef2c43-5241-47cd-a1e9-0ebd157c25d4,4.38,,{},2025-11-04 18:36:12.098000
58cc3549-0297-425d-87f8-6aedea504be6,0e7a9a4d-94ef-43fe-b071-4984eaec066f,4.71,,{},2025-11-04 18:36:12.098000
945fb3df-05cc-4a96-8673-f0a9599130d4,4f5cab58-b6c7-4957-bcb7-7fd2ca64dfe1,1.11,,{},2025-11-04 18:36:12.098000
e440bbb6-da97-4796-ba43-1c19f086205e,86412f3c-37ef-4dec-83f2-672f12f7301f,1.25,,{},2025-11-04 18:36:12.098000
10c8fb4c-ace8-4813-95f9-26c66429ad01,83365855-c92b-4a0c-9994-8738db1f08b1,1.95,,{},2025-11-04 18:36:12.098000
c95b80e5-432a-4f9b-ad24-12828e186960,2b570c45-58bd-4224-b42f-f7ba4c32f98d,1.23,,{},2025-11-04 18:36:12.098000
ebb73974-e8b4-4c20-8d00-1af9b6205b2b,5ca2a066-f97a-45f9-a793-c9faac40235d,1.25,,{},2025-11-04 18:36:12.098000
8b8db69a-4d43-447e-9431-a4aacafcbc05,e4048cb9-d682-4ddd-abc3-ba61e5825ad1,5.1,,{},2025-11-04 18:36:12.098000
eae7d981-5758-4213-a504-91099a81619d,ce0dc0c3-7ffe-434d-8b36-05b2f43dee41,1.51,,{},2025-11-04 18:36:12.098000
0adba7b4-01f1-4168-a591-5e3e4a759a19,bf3e8ea0-fc44-4881-8dd6-ad7c04f4f151,2.27,,{},2025-11-04 18:36:12.098000
884aa0b5-6e33-4994-8929-205ed01d36dd,a78a7e20-0a80-4682-817d-bb8261a5984c,2.37,,{},2025-11-04 18:36:12.098000
e1680d41-91ec-4ea4-9185-9a51232b618c,f45d838a-bab5-4c02-b096-18de8cefeb46,3.06,,{},2025-11-04 18:36:12.098000
d0f82177-d654-469e-b68a-e9ec1989827a,52480c09-80cc-488d-aca9-53d6ec7ad7fc,3.85,,{},2025-11-04 18:36:12.098000
2424a600-16cd-42b7-944f-1a42028b3380,d12ef761-f847-412c-9db1-1221db911124,3.68,,{},2025-11-04 18:36:12.098000
292ded6d-ef76-4d22-8daa-19ab784dbb9b,a456eb40-cb07-4230-9d09-c4df0a671852,0.91,,{},2025-11-04 18:36:12.098000
d074a758-e74e-4274-8b0d-6e8436329b16,ed0ea3b3-9cf9-41cd-b008-0aca0b6ba26f,1.4,,{},2025-11-04 18:36:12.098000
e04a8af8-01cd-48a9-b691-c38d8b42c65c,940cd5f1-4f44-4ab5-be69-fdf3a61d5064,1.91,,{},2025-11-04 18:36:12.098000
4f7e03a0-9ed0-4c31-bccd-74a5a226e460,a0105a48-c2d8-41da-a6de-17e1e97bdf12,3.43,,{},2025-11-04 18:36:12.098000
1c38704c-f97f-4eaf-b4fe-69f5ddf5882d,13298835-4f98-48e9-9b8b-cf461bf427cf,3.11,,{},2025-11-04 18:36:12.098000
4a91a7b4-fe7c-4613-9157-9e104fc3ab79,cd6f9051-9577-48bb-ae36-38b952801f65,2.77,,{},2025-11-04 18:36:12.098000
bcc7237c-7fe3-4128-b857-3e9ab92b2fb1,9668d955-09b3-4f6d-8c2f-85a174cc6cd5,1.13,,{},2025-11-04 18:36:12.098000
4cf8daf3-8f36-4a50-acc5-4b19664df3f3,105fce7e-e6b3-4ace-bdc2-d6e9fbb6b30e,1.08,,{},2025-11-04 18:36:12.098000
39e375dd-d483-4289-bd86-846a8c6500f1,d32e1f42-0528-4dcb-b9bf-8b38115e175a,0.98,,{},2025-11-04 18:36:12.098000
7af73eba-a6eb-47fc-ad54-08d15731d110,ef0191ee-6046-4220-b623-a3cb38ab7523,1.44,,{},2025-11-04 18:36:12.098000
367b36d5-fa71-4663-bfb8-a9fcc70a30bd,2afd354c-1e06-4628-912b-e2532d4491da,2.47,,{},2025-11-04 18:36:12.098000
afb5533d-5f76-4bcd-a339-44ae178d7cd8,7328f451-06da-4f4b-b787-7c9b64a3b6e9,3.25,,{},2025-11-04 18:36:12.098000
7597cf55-9541-4430-be7f-54989a3b9d15,7350fbc1-de97-4b35-ae27-0dfc3665b222,1.48,,{},2025-11-04 18:36:12.098000
43242a71-237f-44be-b395-94c26aed2733,0b97aa89-d1b3-4ee0-aca7-1be152db4089,2.23,,{},2025-11-04 18:36:12.098000
1f0b9781-7402-43c7-9d07-524e2e1ac870,0e29807b-58f1-4233-a6b0-f7e54485a00d,3.61,,{},2025-11-04 18:36:12.098000
dfba0a26-ddff-4493-92e2-79c8d02d7612,1aa1d3c5-a826-4e1f-9a1c-77d31ad381ce,1.5,,{},2025-11-04 18:36:12.098000
dd98dcfe-e942-4db8-9ed3-50c212cf9ba0,7426e191-3a56-449b-943b-f9d8accda189,1.89,,{},2025-11-04 18:36:12.098000
09d5237d-6590-4ad5-a43f-dd8237964fc6,39038b6e-cfda-4641-86b0-4c2b2d6edf97,3.59,,{},2025-11-04 18:36:12.098000
a35c2ce4-5826-44be-8ec0-619231c1652a,6fd99fce-6de8-4b49-85ea-e67b9c0bffd5,1.13,,{},2025-11-04 18:36:12.098000
f7595080-ca2a-441d-8a79-2fa9f3e4c051,dd2d5d6c-8388-4ab1-9fa5-a854ac01bd86,1.16,,{},2025-11-04 18:36:12.098000
a4a1597b-96d0-4878-9cad-271d4fd176e8,00bdcd2f-92ff-42e0-bf9a-ef6294897a61,1.17,,{},2025-11-04 18:36:12.098000
49a76b6d-a630-4340-b25b-2d928635d2b5,20a1ea56-b011-40d1-93a5-d7d99136e9a3,1.03,,{},2025-11-04 18:36:12.098000
1b7930ef-5ea2-4777-98ef-2da461f1ccf6,82a18440-531c-4a92-92e3-1176ca449e9c,1.11,,{},2025-11-04 18:36:12.098000
804feea1-7864-4794-8810-1341d751e443,8d41e44d-6deb-48ee-bc7b-1812bf156c05,1.48,,{},2025-11-04 18:36:12.098000
5118fd09-eb21-40c2-8979-41d2b040d226,7e369862-a3e9-453d-ad9d-9e9b8f6911f9,1.38,,{},2025-11-04 18:36:12.098000
81501fa6-fe4f-4de3-ba22-c5f46c226970,0cec03a7-f23c-4997-b1f1-190e71bc4bfc,1.85,,{},2025-11-04 18:36:12.098000
9b7fd312-1feb-4fb2-b3ce-a398858d3d05,ca631f8e-3d15-4c61-b40b-8eb4d1177d87,2.96,,{},2025-11-04 18:36:12.098000
586efa10-bd9c-46db-9caa-b538042ab8bf,aba3cafd-3b11-409a-a711-b7021288ac54,2.34,,{},2025-11-04 18:36:12.098000
8d97e20b-9490-422b-b4c3-1ab52c25e240,114cc735-e400-4c05-a289-fe7f42456382,3.59,,{},2025-11-04 18:36:12.098000
3d95b0af-92f6-4a68-bc17-e99a684bf44f,6740890c-c3e3-463f-8b00-fa202c90bac5,0.16,,{},2025-11-04 18:36:12.098000
254202c2-0f91-4b0f-81fc-aeb39d1c87e7,eb15c97f-c86a-4c53-9cb4-501e27a5899e,0.11,,{},2025-11-04 18:36:12.098000
293772df-6acc-4aff-894d-046337310bf3,78461207-5779-4ab9-864b-e8457da9e6f9,0.72,,{},2025-11-04 18:36:12.098000
d61e50ce-74af-4a8a-a6da-63932a41fd3b,951d0cd3-3ef5-46b4-9b31-df7ced01a070,1.75,,{},2025-11-04 18:36:12.098000
f6254fe2-2768-4477-8b96-858080c5ac3a,9e29bcf2-87b7-4863-a2e3-44a3af50d8f7,1.73,,{},2025-11-04 18:36:12.098000
0e53710c-ea09-4ef8-85c9-fa4416729221,36f24413-17d4-4946-a058-1039ff4011fc,1.71,,{},2025-11-04 18:36:12.098000
ba5e679b-55cb-4832-9005-9904c32fa6a0,792f170e-18cd-4fee-84c3-c562d3164c49,4.23,,{},2025-11-04 18:36:12.098000
e54fec95-b286-4072-8342-bc997f435258,4b534a1c-4949-47b7-b369-e8a4f7fe964e,1.73,,{},2025-11-04 18:36:12.098000
993597e9-07b5-40de-9fe6-72b0a3510e30,0272c790-7713-4fcf-9138-64642c46f6aa,1.67,,{},2025-11-04 18:36:12.098000
8f5facb3-45fe-410c-b573-91c26493cd3e,e39614fe-e8e2-4c9d-bd40-61379a25dd4a,2.73,,{},2025-11-04 18:36:12.098000
312ec6d1-a82f-477a-aad0-f9df70d81fef,c8274966-4770-4787-8001-3d3df5b3a0a2,2.48,,{},2025-11-04 18:36:12.098000
ef1ee249-ee01-4d08-a336-8aa35ed3c369,af42d9b2-945f-4c0c-b6de-d481fb2dd0e6,2.44,,{},2025-11-04 18:36:12.098000
213338e2-185a-4f8a-a9f4-efd6fa25eb07,e042e5b6-c3c5-4143-a755-e7a81dd2a254,1.01,,{},2025-11-04 18:36:12.098000
320910ef-9554-4da5-b147-0ea39aa74461,56b4600a-c261-40fb-85e9-a14e8c125a3e,1.37,,{},2025-11-04 18:36:12.098000
909e7771-80fd-44f8-a961-cd49205b90d8,e7416e42-7e8a-48d4-977d-a251fb3282c4,1.37,,{},2025-11-04 18:36:12.098000
3c26b408-c111-4368-b0b0-f1aaec35e9e4,151aa74b-e8e3-415f-9c31-9acbfd53f87e,1.02,,{},2025-11-04 18:36:12.098000
9b993185-e8ef-4919-b578-7cf70de542f1,ce0cedfe-5c1e-4088-b336-366cde48efb5,1.37,,{},2025-11-04 18:36:12.098000
50034784-993d-4b39-9a18-dc413d7587e7,a7a16fce-ce4c-44e7-8d61-199608700988,1.03,,{},2025-11-04 18:36:12.098000
e550f65c-233d-419a-b714-30098de30870,6a0ae023-41c9-4c01-9a66-cab1cd8ec935,1.03,,{},2025-11-04 18:36:12.098000
71b9f3b1-ab97-4cc4-810c-efc5d1f81d7c,3f2add33-7809-456b-971e-7f1f653f5da9,0.94,,{},2025-11-04 18:36:12.098000
752c0510-1509-4e87-ae3e-3ba79451f93b,02c904a2-3ace-4243-8bcc-dc3f9696f824,1.61,,{},2025-11-04 18:36:12.098000
82489ef5-10e0-48aa-8e2f-1cfac90dc641,65177536-022d-43a0-9935-f817a7e37ddf,4.65,,{},2025-11-04 18:36:12.098000
54af1657-c4bb-4986-8f38-6bfbeac11cb3,8ce03b29-f16d-484d-ba33-854a898f1d26,3.07,,{},2025-11-04 18:36:12.098000
1e4c167e-ac45-421b-87c0-295e0d71bd6f,07edd1ef-8d03-455f-bdae-3d920b6f422f,2.47,,{},2025-11-04 18:36:12.098000
10517a53-f0a0-4ae9-93e8-0df95c970340,ed67e31d-91e1-4ea1-ab79-cbfe7c099368,4.33,,{},2025-11-04 18:36:12.098000
adabcc03-ee77-4723-adff-3a42cf1451f8,95618997-b895-4733-879a-40cec299ad93,0.29,,{},2025-11-04 18:36:12.098000
36330809-8a85-425b-839c-b990171adef9,6c70dc04-ecd2-4aae-8bcb-9cbaa2d9659c,2.12,,{},2025-11-04 18:36:12.098000
a98a0917-5dc9-45d9-a2da-28fe76f9f053,acadeda9-2fb0-4245-91f7-26bb8ca34c08,6.13,,{},2025-11-04 18:36:12.098000
9f4ff16e-e821-4d46-b6e8-d81451aae012,6d93a6b8-5220-4c9e-b822-e76c30dfaf9a,2.81,,{},2025-11-04 18:36:12.098000
d6f6fc29-dd8b-4abd-bd76-6ea8e85e85f0,551e5303-de7f-44af-a20d-424e2509adbe,4.92,,{},2025-11-04 18:36:12.098000
94f80a3d-0063-4a5c-a4e1-39731e6502c8,702fbaea-6d71-49a7-ae3c-7901f731ca08,7.53,,{},2025-11-04 18:36:12.098000
ba2ea001-04ae-4854-bb5a-af24fff415d8,09f8ffb3-d8ec-449b-8606-249393595dd7,6.4,,{},2025-11-04 18:36:12.098000
f4792cd5-0a9d-4c2c-bf34-26db163c94c1,a8b3e493-8278-4590-91b8-124e86f50723,6.13,,{},2025-11-04 18:36:12.098000
36be1d64-d369-4ab2-8975-628c84ecb45e,cfd0705f-a174-4760-99ee-b1dc89a0cdd6,1.95,,{},2025-11-04 18:36:12.098000
b96fc02a-92a4-4264-bd30-5408b3178bb5,f0c26d74-f8ed-4baa-8582-1214c2248a5a,1.93,,{},2025-11-04 18:36:12.098000
f155d109-aba7-4ca8-b058-16ab7b2292d7,52e2c1fe-c5e1-411b-88ab-56cb6d11120f,1.87,,{},2025-11-04 18:36:12.098000
d00edc28-ef4b-4dfa-80db-4ee30c195781,99562341-5312-4bb3-aa7d-7e2e8f942d17,4.39,,{},2025-11-04 18:36:12.098000
05ab83de-38e1-45c1-a381-98da01aac298,deb440f9-6c72-46ee-b83d-da012be0e4ea,4.42,,{},2025-11-04 18:36:12.098000
d331c7cd-f099-40ff-a211-06f29aa3d0f5,dad425d1-f79c-4145-911f-84d7c96887fd,2.88,,{},2025-11-04 18:36:12.098000
bbb2eb5d-34bb-41a5-a2e9-accb23ab1937,6e4d5b60-b8e3-49f3-9bc7-afe49e4aec3f,1.66,,{},2025-11-04 18:36:12.098000
f32c7732-5fca-48d5-8e8b-50c704e90b7c,d0b41934-2f17-4c9f-8625-645b3757982a,1.02,,{},2025-11-04 18:36:12.098000
4fdb5936-14e8-43ee-8620-74409be15bd9,faf760ef-dc07-4ef1-8394-d7fcc9ba02c2,1.34,,{},2025-11-04 18:36:12.098000
1835192c-4dd2-4ccd-883d-6a20e6bfd2ed,af034f81-4340-4ee6-bd4d-ea08642f3504,1.02,,{},2025-11-04 18:36:12.098000
9ae794b6-a394-4377-9f2d-1147b22b754d,bed0b742-eddc-45f1-939e-b41aeda2ca3b,1.04,,{},2025-11-04 18:36:12.098000
cc6bfd35-69e4-42f6-86fd-e67a5cc79c50,5d2821d7-50f6-4602-acde-f1a6fe3215b8,2.71,,{},2025-11-04 18:36:12.098000
e4713509-edf7-45c8-801b-238f798f6a7c,51a4333b-58cf-4a3a-8e84-2a6866ceb944,0.7,,{},2025-11-04 18:36:12.098000
d50be108-49de-4c4f-9116-c1d83df95f5e,4c943ced-700d-4606-a5d4-ff2e8875c6e4,0.79,,{},2025-11-04 18:36:12.098000
ee347bf6-58a8-4ed6-b1c5-10ac32534dbf,4d49c78e-6c2f-4c1b-9660-196c6b44858b,0.78,,{},2025-11-04 18:36:12.098000
36592bca-d17d-4ef9-a493-f77d6d344e9a,0b126296-bd65-4143-bf79-e2ef9da09b82,6.8,,{},2025-11-04 18:36:12.098000
4daf4cf5-9f40-4145-b723-3e2f1635d407,b7f7b0fb-81aa-4cdb-8ccb-7c99a3a6e56a,7.62,,{},2025-11-04 18:36:12.098000
bd660a0d-c7b3-4f5c-84c6-5c495da5ba66,f9fdf848-8d23-47f4-bc37-dd45d4996d90,6.68,,{},2025-11-04 18:36:12.098000
0f870ee3-6c44-4ba5-b048-9d94ec518cfb,fdf941a1-c75e-4db9-8812-fd57acc0a78e,7.29,,{},2025-11-04 18:36:12.098000
11553029-4457-4a11-b435-a6dec1b8b29a,235890e5-8e53-45dd-a286-370b72068d3d,7.94,,{},2025-11-04 18:36:12.098000
4052f2ec-79c5-48b1-87e0-9f586eb5fa77,ac56c6d2-1760-41f8-8119-a9a72cd019d3,6.84,,{},2025-11-04 18:36:12.098000
