id,echantillon_id,method,sieve_mm,passing_pct,meta,created_at
cdcd8d5f-c5a7-4201-a695-0b3c6274c18e,6915bbd9-69d5-4a22-9dec-70e14d3e2ad9,tamisage,1,46.42,{},2025-11-04 17:04:46.063000
1dc1c169-c459-4c7f-911e-25a054839ab5,063ab8ea-57ae-40e5-9922-a7e232d51333,tamisage,1,49.48,{},2025-11-04 17:04:46.063000
44a094cb-18e1-430c-986f-bd4359cf8660,32c0d160-2efa-449b-8c14-593f05962f35,tamisage,1,44.6,{},2025-11-04 17:04:46.063000
9e9471e6-3a54-4b16-a71f-9f12684fea12,9a72f0de-3c66-423b-b0ed-dfac082335bf,tamisage,1,52.81,{},2025-11-04 17:04:46.063000
0a768f39-392a-473b-ba66-470f74d1be7a,feccfba3-d5ee-46f3-a777-820a9cbd6b76,tamisage,1,57.5,{},2025-11-04 17:04:46.063000
24e70418-5a48-4485-8d4e-a24e2fc87bc1,72ae1439-db50-4f8d-9442-00fc8e91d21a,tamisage,1,58.75,{},2025-11-04 17:04:46.063000
d070283e-3217-4fc0-b94d-926d797dce4b,74d4b1bc-b893-4436-9c76-3a8fc2a6e0c6,tamisage,1,50.94,{},2025-11-04 17:04:46.063000
e2194603-7c20-4e3b-8166-400558371b55,40afd9b3-bf4b-4c89-abeb-d74d108e9832,tamisage,1,52.3,{},2025-11-04 17:04:46.063000
6ffef3d0-68f4-45a5-842f-4ab0b9dcee8a,d64ca0cd-26b6-4ef5-92b3-49732f333d13,tamisage,1,57.81,{},2025-11-04 17:04:46.063000
c4a7ea30-d9fb-4641-9c5d-ff688231b95e,b178bf5a-7072-40fb-92f0-2fb447da7084,tamisage,1,64.2,{},2025-11-04 17:04:46.063000
d4188e6d-4d2b-44f2-8b8f-0db5dd529964,f1bbdc1e-1fa8-409e-afcd-5bbfeb11c046,tamisage,1,65.09,{},2025-11-04 17:04:46.063000
eddee41b-7d10-452b-a03e-4a4e2e0f8289,85f90282-226f-4c77-9bc7-ad731c179148,tamisage,1,65.55,{},2025-11-04 17:04:46.063000
55dc5675-7f10-4dd8-ad00-f5e6e82a2dfe,5011f645-8c88-4a26-9e9d-c0d99c1612ba,tamisage,1,74.98,{},2025-11-04 17:28:41.443000
a4435fb1-d6af-44a8-bdf2-ef4d63f4b988,d7087cf6-885c-4808-94fa-f5be84db6394,tamisage,1,74.92,{},2025-11-04 17:28:41.443000
30cab4cc-e37e-4ae2-b93a-dce743ed9ee8,5809540a-b87f-41c5-a8ce-e8e284ab3d19,tamisage,1,74.73,{},2025-11-04 17:28:41.443000
bb7b2530-4e15-400a-bdce-0c81cd92fb16,e039ed7e-2c74-4448-9706-1c1845ac7e0d,tamisage,1,74.98,{},2025-11-04 17:28:41.443000
4b4663fa-7c99-40c1-a69c-7efa562c327a,13cadd72-a750-48e5-b602-682c8191730b,tamisage,1,81.1,{},2025-11-04 17:28:41.443000
f4747f06-7e91-4141-b216-0fb798c088ae,b0a80ca2-88c8-40a5-b92f-e28aaf2d5142,tamisage,1,76.82,{},2025-11-04 17:28:41.443000
ed6a8767-ff03-41c7-b615-7988f641ecaa,1c66eb5a-570c-44c0-917a-ec1519478ee3,tamisage,1,64.47,{},2025-11-04 17:28:41.443000
8f462338-8475-4916-8fa1-55904274802d,0a06d5e1-4891-4d79-b786-53511d631585,tamisage,1,63.83,{},2025-11-04 17:28:41.443000
5499a63c-451e-4149-8c4e-5208f52050e8,67604e52-e20a-4fc6-b0b2-23c49cba4e2b,tamisage,1,65.5,{},2025-11-04 17:28:41.443000
d0736423-fe00-4c4d-aa25-93e0e07b47ac,3e0a049d-a04c-49ce-92c6-68530930596b,tamisage,1,64.43,{},2025-11-04 17:28:41.443000
db17bff8-77a3-4170-98f9-cecaa638880e,ea05b38b-ece8-474f-8764-4ebc732ebe09,tamisage,1,67.68,{},2025-11-04 17:28:41.443000
b9cb9ce3-5213-49bd-872c-314f55780e63,d4d4a98d-bd5b-4c84-8458-ff0679b90151,tamisage,1,65.12,{},2025-11-04 17:28:41.443000
7e0f7310-4d9e-4113-8a97-58ff9b6864db,38fa6eb8-c0d0-4572-8b3c-8122b55ce53f,tamisage,1,64.2,{},2025-11-04 17:28:41.443000
36d8fd4f-15b8-48ed-94d2-6f0cf49695d1,5ce9b51b-202b-4d8b-b53a-9a253b943c45,tamisage,1,65.09,{},2025-11-04 17:28:41.443000
c29240cd-ce0b-46a2-bed7-fb60a747894d,c7b7eafd-b5d7-4df8-b843-4d928822249e,tamisage,1,65.55,{},2025-11-04 17:28:41.443000
5d472888-dba0-42d9-9bf6-bbcefd21bf3f,d2ae1889-a151-4c4e-83b0-2239e16c9da3,tamisage,1,50.94,{},2025-11-04 17:28:41.443000
82dc3a31-7ae7-4899-b80f-9e8cb46c415d,e1896e77-62cb-4eda-ba26-f80ce0824cad,tamisage,1,52.3,{},2025-11-04 17:28:41.443000
5d7485d4-2d65-4396-8087-ab44fcbfeacf,249126aa-057d-4fad-9371-029f35cc8eb4,tamisage,1,57.81,{},2025-11-04 17:28:41.443000
2c03d90f-4de3-45f8-b010-0020fa46be47,37baf121-d7ad-4de4-ab15-224d1738f2d2,tamisage,1,46.42,{},2025-11-04 17:28:41.443000
8e626b79-0038-4f97-b33b-2c1c6e85e944,7771b958-a2a8-4eba-a4f9-f58f1daf764a,tamisage,1,49.48,{},2025-11-04 17:28:41.443000
4f2006ae-3e6a-41e0-b0cb-38e35cb7ea8a,53f0becd-8bb6-4ef6-a135-8abc671867bb,tamisage,1,44.6,{},2025-11-04 17:28:41.443000
320483c0-cecf-448c-a18e-2f71498bd16a,f28cd112-f807-4e03-aff0-3e03666bd2de,tamisage,1,52.81,{},2025-11-04 17:28:41.443000
dcb55721-a899-4295-9085-e9ce5020f029,d5997ce1-f900-429d-85f0-e912ea2bf74c,tamisage,1,57.5,{},2025-11-04 17:28:41.443000
30b30e5f-af14-4896-a4b3-8eb5e8045952,332f289b-4b1b-4319-8d5c-006d8737796b,tamisage,1,58.75,{},2025-11-04 17:28:41.443000
51a29b10-bdbc-4f5d-9dc3-7d0074c4e9a2,a9053050-9685-4926-8ad5-9f5b92ee5df9,tamisage,1,74.98,{},2025-11-04 17:30:22.428000
6f63dde9-2cca-4de1-bc4b-50dd1a95c38c,f38a51c8-d620-4335-b267-2afe98272597,tamisage,1,74.92,{},2025-11-04 17:30:22.428000
76a1a479-32d5-4ee6-9ad6-7fe0ca9ffd44,cf3af2a6-e8a5-41ca-b212-daccfccf47ed,tamisage,1,74.73,{},2025-11-04 17:30:22.428000
31cd9eb4-e4ee-4395-b554-73b8b7cbad41,e54ea121-13a0-48cc-a41d-becc2689e94c,tamisage,1,74.98,{},2025-11-04 17:30:22.428000
daf85ca8-c6f9-4982-8d17-088c42564d0e,a37eacc9-88f4-4824-bf65-2b54d219a162,tamisage,1,81.1,{},2025-11-04 17:30:22.428000
c4761849-79af-40d2-bc74-75cdc808ac2c,308f3246-f4b7-4bf5-8be2-a08153fbb6d9,tamisage,1,76.82,{},2025-11-04 17:30:22.428000
65a1040f-67b6-4aa1-895d-a57743170add,df84602a-394d-4483-ab9f-ab9e12404111,tamisage,1,64.47,{},2025-11-04 17:30:22.428000
807db142-423e-4537-93c4-75228ee1c7fc,0b39c94b-dd14-452d-bae8-d5c3bf100362,tamisage,1,63.83,{},2025-11-04 17:30:22.428000
c402cb94-0771-4f82-a4c9-739afe571157,2d3d94d2-3606-4d11-afa3-ce683095324b,tamisage,1,65.5,{},2025-11-04 17:30:22.428000
b898e0ed-58f0-4a67-a60a-84cfd9422f4a,f1518599-7b6a-4e57-a54e-cd04f678bf4e,tamisage,1,64.43,{},2025-11-04 17:30:22.428000
26eb1fca-e005-422b-95a3-421f8b31247b,5e38d505-14eb-4a35-a04e-98dc70d54643,tamisage,1,67.68,{},2025-11-04 17:30:22.428000
3f90e607-d150-4659-a2e5-b93c55de304b,959e70b0-d7c3-4c78-9e3f-6f265130adb1,tamisage,1,65.12,{},2025-11-04 17:30:22.428000
3932d29c-d567-4763-858e-471d813b7c19,03f934b9-2f62-4cb1-9b7d-d55836c2ef68,tamisage,1,64.2,{},2025-11-04 17:30:22.428000
9c1c1a26-c21f-4287-855b-61a1bd4e7773,8796ecf5-8b8d-41bc-9381-0ff37176785d,tamisage,1,65.09,{},2025-11-04 17:30:22.428000
98d9120c-ff22-44b6-b0d0-2cfffaae37e0,3bbc8a53-d10d-49be-b8b1-bb8516d985c1,tamisage,1,65.55,{},2025-11-04 17:30:22.428000
f331b967-4987-48a2-9adb-6ef203d4c2c0,c6d4feb1-0f7d-4795-a969-4055b9790c75,tamisage,1,50.94,{},2025-11-04 17:30:22.428000
85594819-5fca-4a41-bfca-435dd4a770aa,6446283c-2459-45d6-8176-1bdc9f28dd05,tamisage,1,52.3,{},2025-11-04 17:30:22.428000
02c6c9f4-5ae4-4834-8fd8-aab4f440d195,718d11f6-5720-4aa1-a326-59c65fce2d80,tamisage,1,57.81,{},2025-11-04 17:30:22.428000
1a2ba43f-1d7a-420b-816b-a88de77d10bc,57f450d8-b7c3-4afa-8981-51c954bd4cb8,tamisage,1,46.42,{},2025-11-04 17:30:22.428000
de9218f2-1bba-4139-89d1-c756c40a2380,6ea219d1-7658-4a8c-8b19-33edeebafc6d,tamisage,1,49.48,{},2025-11-04 17:30:22.428000
08788fef-eb77-461d-bda4-b92d30c60ce7,30570e11-6dcd-4b2f-b9d4-002e9135578a,tamisage,1,44.6,{},2025-11-04 17:30:22.428000
df1d83fb-4d79-4ab1-bfad-287e660243b0,8b1645a7-672b-4969-bbb8-2ef9a8ec0814,tamisage,1,52.81,{},2025-11-04 17:30:22.428000
b6379e1a-6171-4ac7-b01e-5cc215fea0a3,328db20d-90dc-48e6-b3b1-b9de2d84b99f,tamisage,1,57.5,{},2025-11-04 17:30:22.428000
208e21d1-e6b9-4553-8f07-fccd616be687,4bfb9b9d-4a12-4fad-8d79-f91522f0a96e,tamisage,1,58.75,{},2025-11-04 17:30:22.428000
5aa71dc2-5731-4453-8b3b-6d959d684372,8ac3aacb-9c05-4c46-9f5c-713f99a3946a,tamisage,1,74.98,{},2025-11-04 17:59:58.507000
a07bc523-edb0-4c00-bacc-ba61a1eaac7b,49e034eb-95ec-47ee-829f-f5f8f5adde0f,tamisage,1,74.92,{},2025-11-04 17:59:58.507000
7b384bb9-c96d-4466-bc9b-7944a5c1333a,967a3e20-f8ba-4ce6-a8c2-38c9bd8b9336,tamisage,1,74.73,{},2025-11-04 17:59:58.507000
87b99e19-8800-4f32-8597-5b22622aada6,be9012f6-d3fb-43e9-842e-8954bd16c572,tamisage,1,74.98,{},2025-11-04 17:59:58.507000
038ce8e9-7566-48b6-b717-c3d2f9337600,cc1ce68e-876f-4e3f-85e7-019eb359432d,tamisage,1,81.1,{},2025-11-04 17:59:58.507000
883e8732-cdea-4428-8ce0-7dd0634c3bfe,2120c03c-7300-48d8-b33b-60de5ebb61f1,tamisage,1,76.82,{},2025-11-04 17:59:58.507000
901b543e-05fd-4807-93f6-fb96c36b9440,8482ea0c-4054-42e8-a478-621622164a1a,tamisage,1,64.47,{},2025-11-04 17:59:58.507000
c8a393d9-f3c6-4423-bbd6-d2c769f59616,46a68ee0-8b66-421a-a86a-29d052cc2d64,tamisage,1,63.83,{},2025-11-04 17:59:58.507000
10024396-3bd9-4b64-9306-814e7e3544f2,ef280685-8b5f-4838-b710-f4ede3c23fd3,tamisage,1,65.5,{},2025-11-04 17:59:58.507000
8f168399-8831-49e0-910f-99abd5d16750,6b7c0358-cd29-4c4a-9e3b-b9f95063a903,tamisage,1,64.43,{},2025-11-04 17:59:58.507000
ae536a1b-dfdd-4628-9793-069f3327a78b,4055aa7f-635a-4609-a00d-e9818c1a0cfa,tamisage,1,67.68,{},2025-11-04 17:59:58.507000
f4c974c7-11c6-4ae5-9440-0ca2c5cc3985,4956d4b1-7655-4492-bd55-2f8451e9890f,tamisage,1,65.12,{},2025-11-04 17:59:58.507000
d4fcacf3-2de0-44a9-bbcf-5c8c97390b5a,36d0ef95-1433-4a78-96f9-858e7c83d2dd,tamisage,1,64.2,{},2025-11-04 17:59:58.507000
292d3249-bdee-4a92-aaff-6d70f0f132f4,534c5750-01d7-4313-a61a-6738ad9b6be5,tamisage,1,65.09,{},2025-11-04 17:59:58.507000
232121b5-3ca3-44c0-9c90-b7334ef2f0f4,7c3ae7e0-f039-46d2-b387-22507f03c7c2,tamisage,1,65.55,{},2025-11-04 17:59:58.507000
6e34ef8d-1c0a-4e22-aa7a-c475d74cad17,12e1c991-2960-4c6d-af63-64052d7f2697,tamisage,1,50.94,{},2025-11-04 17:59:58.507000
2cd09e05-a140-4277-b65e-6214bee08b92,e077293d-d9a1-461d-bca6-1c99829c5269,tamisage,1,52.3,{},2025-11-04 17:59:58.507000
3788cd08-fd6b-4ee7-9cc0-3b18d00c20cb,fb8b4a94-5af5-4f4f-a05c-70620cb5e2b0,tamisage,1,57.81,{},2025-11-04 17:59:58.507000
f18a51c6-e3fa-4c84-9357-46f69d3972ca,f10bbcc0-c798-48f0-87ca-20cc6de27df2,tamisage,1,46.42,{},2025-11-04 17:59:58.507000
fd016bd7-2f67-48aa-8c87-535a3c473b42,f9ef4803-867d-4b45-9dcd-ff0f56634cf7,tamisage,1,49.48,{},2025-11-04 17:59:58.507000
91aaba90-486a-4c0b-9826-0924ede579bd,f332e348-33c2-44bd-a5c3-b8e73d216a8c,tamisage,1,44.6,{},2025-11-04 17:59:58.507000
fb6ec161-4665-45c7-bd64-17512d1399e5,edefef98-a507-455e-b980-12a690805860,tamisage,1,52.81,{},2025-11-04 17:59:58.507000
baceba6e-0442-45ec-9244-82e4a14f0035,2540974f-59dd-423e-8f0f-42bd7a37b5df,tamisage,1,57.5,{},2025-11-04 17:59:58.507000
13c28476-080b-45ae-855e-392c86838936,60e1f39d-d405-4064-9e6c-22f4b35d25ac,tamisage,1,58.75,{},2025-11-04 17:59:58.507000
dd5747e7-3034-4e4c-b4e1-c48ed93c1db0,8ca6c705-b430-4e47-8034-98cd89296837,tamisage,1,74.98,{},2025-11-04 18:01:47.901000
39a8c10b-2b44-4e2a-821c-8ca13c72a861,4e2d36e6-4658-44da-a3d8-59956c8b4e3a,tamisage,1,74.92,{},2025-11-04 18:01:47.901000
a4df42ac-6954-4330-9e8b-ade91edcbcea,340518c4-890e-4c3c-a5b5-ffdec24fb654,tamisage,1,74.73,{},2025-11-04 18:01:47.901000
d02001f9-143b-4da6-92b4-0856b058615c,a2303464-ebf2-4587-933e-2473b3a1502f,tamisage,1,74.98,{},2025-11-04 18:01:47.901000
dfa9eb53-b5db-4f04-9d60-4abf77071988,3c40b602-8ee6-46da-bf44-feb92d9ddee6,tamisage,1,81.1,{},2025-11-04 18:01:47.901000
f5527cbe-6aac-4407-8172-cfb2e0e7d54f,29d2c481-1a6a-4223-93c0-242cac658c44,tamisage,1,76.82,{},2025-11-04 18:01:47.901000
4bf1204b-be10-43b9-ad8d-c47e1742d11f,2c18fd47-9171-427a-992b-e2d2b6e8ea1b,tamisage,1,64.47,{},2025-11-04 18:01:47.901000
38889762-8cfd-46ca-b3c9-492a633a1751,430a08b1-60ea-4781-9332-98e673989ba2,tamisage,1,63.83,{},2025-11-04 18:01:47.901000
f16d690f-f32b-4abe-866a-fb48ebbd7a4e,26a0c4fc-e3e7-4434-ab37-a8918fa22bd1,tamisage,1,65.5,{},2025-11-04 18:01:47.901000
cfcb8ddf-c24a-4c35-8031-13db3b387376,a9bd346e-064a-4f34-86b7-7fa265d54ab4,tamisage,1,64.43,{},2025-11-04 18:01:47.901000
86f33a8f-808d-4e44-96f6-dc5d09541364,f363d8ac-c1f0-4e1f-851b-70e54be7b07f,tamisage,1,67.68,{},2025-11-04 18:01:47.901000
f79e919b-b666-4c7e-b0ef-a836cef57c0a,d4dbb375-7bbd-470d-9d01-7d1c28a56aac,tamisage,1,65.12,{},2025-11-04 18:01:47.901000
e701429c-95bb-4ec2-a319-0ee93757ae77,0f73cad9-bf4e-42f9-8cd5-28b320df8fa2,tamisage,1,64.2,{},2025-11-04 18:01:47.901000
a8384ca8-86a4-49eb-8afd-d3b246557004,b8eeb529-a81b-43d0-b81f-7402606e7938,tamisage,1,65.09,{},2025-11-04 18:01:47.901000
bd464f3d-b905-4df5-9a97-27af0de9aae6,6a3f71b2-81cb-421a-8686-2b4f93081ddd,tamisage,1,65.55,{},2025-11-04 18:01:47.901000
e9054bf3-fb27-424f-9319-1d70490faf07,c2746036-777a-4f31-849c-0b3a34823e5d,tamisage,1,50.94,{},2025-11-04 18:01:47.901000
d5337c9b-ddd6-4817-9041-e729d7b7af2e,b678ce59-9491-4770-b5b0-11e5e1a85d12,tamisage,1,52.3,{},2025-11-04 18:01:47.901000
7edbacfe-dc37-4afd-abdc-855db946490b,1beaddbe-9f2b-49e3-9ae7-f91f76ca9c35,tamisage,1,57.81,{},2025-11-04 18:01:47.901000
a3be773a-59aa-4017-a72d-8645625033bf,737007e1-0a1d-423b-9c8b-0d5dac150997,tamisage,1,46.42,{},2025-11-04 18:01:47.901000
ac72e859-9c95-41a0-8bf5-804788a4b525,25b1a0a5-8546-4e80-8c42-d70acb00dc9b,tamisage,1,49.48,{},2025-11-04 18:01:47.901000
7ec4139b-0ff2-44ea-bcec-227a07ccdaf7,9edb44c7-fc3c-4d3d-a9fa-b7ad5f279ada,tamisage,1,44.6,{},2025-11-04 18:01:47.901000
3558b6f5-1f92-420e-9f6e-9a5b71266578,c3bc37ab-1199-4d64-a0a4-4e94be42d99a,tamisage,1,52.81,{},2025-11-04 18:01:47.901000
cc5e78d3-f8ce-4b43-bcd0-16a656678abf,8a93cde0-5482-4283-9902-40b10e5368f2,tamisage,1,57.5,{},2025-11-04 18:01:47.901000
372e4aa6-4b4a-4e73-bc8b-5acb36fbfe8a,caf35b41-9d86-443f-a54f-b073f2ffff8e,tamisage,1,58.75,{},2025-11-04 18:01:47.901000
77f406d5-49a4-4eac-992c-6a2011d40b10,e4858215-3b8d-401a-8f64-729896a5cd84,tamisage,1,74.98,{},2025-11-04 18:04:56.535000
b740e3d3-6503-4efb-a9f8-77adef0ff066,1277c69c-c22d-49bb-add7-caffc91ae5f4,tamisage,1,74.92,{},2025-11-04 18:04:56.535000
8bd3c235-37db-429c-9fe0-f9058f8e4d6e,1c9d0c5e-dc17-4427-b057-1cd05c7d67f9,tamisage,1,74.73,{},2025-11-04 18:04:56.535000
68f53261-ddfc-47b4-8b7a-5f9c2ce47e9d,a6a354b3-a11b-4fa9-a568-4dbf9ca3c00d,tamisage,1,74.98,{},2025-11-04 18:04:56.535000
51860f9d-b6fd-4133-bbe5-e454288cd3fb,6837de3b-2542-4fcb-8765-64d97a246ec2,tamisage,1,81.1,{},2025-11-04 18:04:56.535000
667bb566-e4e5-4ee2-bfb8-dae32cfd5ac6,15c2be5b-b1f4-4a4c-bd14-6cb17f0f4a83,tamisage,1,76.82,{},2025-11-04 18:04:56.535000
c793e5b4-413d-4805-b64f-74f69a1b3e2c,070ab726-b854-4270-a74d-f2bc07ac3393,tamisage,1,64.47,{},2025-11-04 18:04:56.535000
44d6ac45-2616-4e97-9d12-9f84b5114040,84d4f403-5c75-497e-a579-0010e8ddc4c9,tamisage,1,63.83,{},2025-11-04 18:04:56.535000
1472a286-6db5-4a02-9f08-f45836c0272b,b3f32a5c-2dc2-4b37-96ee-84c55f09377d,tamisage,1,65.5,{},2025-11-04 18:04:56.535000
fd46daf4-e829-43d4-ad87-b524de7a168e,3f4536bb-4e03-4610-a2fb-0405b55047fe,tamisage,1,64.43,{},2025-11-04 18:04:56.535000
60d0ba09-5bb8-4e96-b86d-7f4eab7782dd,c39705f3-2b03-4a77-816a-9e1948998607,tamisage,1,67.68,{},2025-11-04 18:04:56.535000
624ad6fb-8440-4b7a-bd4e-ef3a6c8999e1,9ebf8a9d-d54e-44d9-8bdf-8fedb558846d,tamisage,1,65.12,{},2025-11-04 18:04:56.535000
d814b2a7-e08b-4bd6-a26b-fb7e045246f3,a9be6ee0-aa71-4153-bcff-a7bf0fabdbad,tamisage,1,64.2,{},2025-11-04 18:04:56.535000
ed58aeac-6207-432e-854e-72ba043b4091,8aca65f5-dc09-485f-bee4-37890e0e4927,tamisage,1,65.09,{},2025-11-04 18:04:56.535000
f1fb7b3e-d0b2-41d7-b6c5-835a7917d6a6,7101fca7-fa16-4759-befb-c01e1f15b742,tamisage,1,65.55,{},2025-11-04 18:04:56.535000
353374da-37df-44e4-bdd5-2efcfddf7293,258e38e7-a7c6-4b84-86be-6f9b3af7a5eb,tamisage,1,50.94,{},2025-11-04 18:04:56.535000
00540458-613e-40e2-ab8a-4598b0e8c186,defd9c39-c906-48de-b02b-49cd1d877e6f,tamisage,1,52.3,{},2025-11-04 18:04:56.535000
1f698001-77ba-4e3d-bbbe-1ae418c3a5ad,b71adf65-c4ea-4f46-bec5-f9c42136c9a1,tamisage,1,57.81,{},2025-11-04 18:04:56.535000
6eaae310-70a0-4954-b3e7-0c75f8b6f0e5,94c469b5-7e65-48a0-80cd-c4403b02c156,tamisage,1,46.42,{},2025-11-04 18:04:56.535000
528c8225-4960-4f4b-9858-bf930eab2901,57b5246d-1563-474d-b74b-6ffa20a85269,tamisage,1,49.48,{},2025-11-04 18:04:56.535000
11d00947-11eb-4eaf-a66a-d7493735b0b8,1ec2b8e1-e905-4f58-9286-1da8651dc23f,tamisage,1,44.6,{},2025-11-04 18:04:56.535000
f0b45978-ebbb-49da-b721-f6bf88ff98e3,09dbe4b5-73c3-46e0-95d2-b72328dbe661,tamisage,1,52.81,{},2025-11-04 18:04:56.535000
4829da19-3d38-481b-b54d-89e93501ee6d,7971251e-4cb1-4973-92ad-0a988970dd1e,tamisage,1,57.5,{},2025-11-04 18:04:56.535000
7e1dd9a9-98ed-4b96-b0fa-24c8bb336549,c984c421-bd8a-4b95-8b61-52ac9d257106,tamisage,1,58.75,{},2025-11-04 18:04:56.535000
4eb7f645-a843-410c-a3d6-19333ad3ecf0,467205a3-d2e4-4b3c-82ed-f9f445cfb8e0,tamisage,1,77.73,{},2025-11-04 18:36:12.098000
acb51c4b-8443-4d85-9069-8c950b800e7e,57e70174-c7db-46e3-a4fa-610d83e8d8c6,tamisage,1,81.8,{},2025-11-04 18:36:12.098000
8c5610bb-dcc7-4d04-b0c3-61aa78d0371d,72156dad-ad95-4fd0-810c-8825183bdedf,tamisage,1,74.85,{},2025-11-04 18:36:12.098000
20f63f72-b449-421d-8813-3c0c38c64cfa,e59f0464-7cf1-4b2b-9aab-e3f5c6eb5f8f,tamisage,1,60.61,{},2025-11-04 18:36:12.098000
96e40c92-0d72-4f73-98dc-bac1c41d2412,18f4c580-f718-460f-81a7-f249fe02feb4,tamisage,1,52.23,{},2025-11-04 18:36:12.098000
8f8e2ded-deba-47ed-81cd-62dbbd46c32d,e8fb1f2b-7ab0-49be-8fb8-f835af558397,tamisage,1,47.15,{},2025-11-04 18:36:12.098000
c29c62c2-c049-412a-b17f-d5fd402f6661,64fe998c-a46a-4ed8-9620-d980534a9d3e,tamisage,1,63.74,{},2025-11-04 18:36:12.098000
3b02d714-023b-41ce-be10-dfb6dd15dc91,0f22da9c-de3e-4669-bc88-56ed627abc54,tamisage,1,44.92,{},2025-11-04 18:36:12.098000
3f9d0ffc-2b2e-4a49-9027-a0bdb40f53ed,883f9801-dadb-410b-b34f-e05224e7c277,tamisage,1,32.25,{},2025-11-04 18:36:12.098000
b9d17ad9-5e48-44cc-8183-5e348f4d5a27,88cb4784-7af2-4545-b386-8f70daa6f536,tamisage,1,62.56,{},2025-11-04 18:36:12.098000
8c488324-a767-4f1a-a529-c3237fddaf1c,1c91f8f7-594e-4bf5-abef-4fb05837860e,tamisage,1,64.05,{},2025-11-04 18:36:12.098000
d41aa276-b394-4fcf-b0b7-bed753368e4a,d243e510-a365-4dd4-99c6-2710fbec3915,tamisage,1,63.99,{},2025-11-04 18:36:12.098000
3940f305-983f-4242-9025-0a9857a5ccf7,9bb4ce00-1c80-4e3c-a281-b5180af7c98a,tamisage,1,38.5,{},2025-11-04 18:36:12.098000
6d355fb3-97ec-423e-ace8-aa041bd50895,88bd731a-48d0-4084-851b-07fc14a2864a,tamisage,1,39.24,{},2025-11-04 18:36:12.098000
74b33c85-ade4-4723-b530-142017140d46,18a77155-13a2-47d5-854c-b161befcc884,tamisage,1,38.18,{},2025-11-04 18:36:12.098000
a98c5743-0250-46a1-83b2-cf10f36450e5,3a2bead3-09fd-4d01-815b-066bf1661e61,tamisage,1,51.97,{},2025-11-04 18:36:12.098000
7ece9449-237e-4f7e-9475-a2318ef3b3b4,210ab5b4-2a64-4f54-a713-2708f198a3b1,tamisage,1,54.6,{},2025-11-04 18:36:12.098000
94757473-aca8-488a-8d68-9a75c46fc105,5f5bad0f-2e39-4ca3-8e0e-860d35c09b11,tamisage,1,62.96,{},2025-11-04 18:36:12.098000
3f744600-7697-407e-8adf-e7bf1fe43fb6,c722f5f1-73a6-49a9-aa57-b0881d55f20c,tamisage,1,53.38,{},2025-11-04 18:36:12.098000
89bb88cc-6958-4709-b372-f77219b5cd66,c7f586d6-7309-4178-8c4c-69fdc0813794,tamisage,1,43.25,{},2025-11-04 18:36:12.098000
04c6ece7-1d22-4e25-990f-c799cec1a027,a443b470-77c5-4182-8174-dc492f2f8a4f,tamisage,1,74.87,{},2025-11-04 18:36:12.098000
42426c24-275c-413d-9813-a76d7f413fda,ee3f81f5-2301-4f7a-a9f7-3b097d6d1b44,tamisage,1,66.34,{},2025-11-04 18:36:12.098000
8aff7f7f-5c85-41ee-983f-596e0d005392,a59aee78-07df-47b4-a918-69e3324eecd2,tamisage,1,70.11,{},2025-11-04 18:36:12.098000
9100d0ac-1aa3-4b95-ae2c-e58da7a5af81,ca893176-d578-476b-b9c4-04b657f5fa0b,tamisage,1,72.66,{},2025-11-04 18:36:12.098000
acf9f38e-631f-442c-84c2-0c58c928c4b6,64456d70-002d-44ee-876a-e203be252dc8,tamisage,1,62.52,{},2025-11-04 18:36:12.098000
94650c26-0e08-4e5d-b740-cf6f4b042e3a,7235ea22-fb9f-4f40-9255-3f8bb795b235,tamisage,1,54.5,{},2025-11-04 18:36:12.098000
dbd5c8ae-0ebb-4bad-9941-7996f991016c,a252c965-3fa3-40e2-902e-4e37dfaafd3b,tamisage,1,39.71,{},2025-11-04 18:36:12.098000
49b15f7b-bf92-498d-9f44-0ff4f661a6aa,43857cae-e578-4354-924a-9bb4e6e74f9b,tamisage,1,56.3,{},2025-11-04 18:36:12.098000
7013d128-fab3-4785-b753-c8b3598f560f,b5d3ee35-28ab-4979-9c76-b7be61c947ed,tamisage,1,55.6,{},2025-11-04 18:36:12.098000
6fe9b5af-47da-4d3b-91de-351b45ff40a7,590fe978-af4a-4386-be98-46c5b23ea9c4,tamisage,1,51.41,{},2025-11-04 18:36:12.098000
b0b0f243-d0ea-4d91-b660-4f038c2f2e4e,cf885d28-aac1-4f3d-b4a0-294351aa987b,tamisage,1,57.3,{},2025-11-04 18:36:12.098000
444f5c6c-1790-4eee-92fc-7cb8a0cfa8c0,0167b213-c170-4529-ae51-8bf04f52a9f7,tamisage,1,53.52,{},2025-11-04 18:36:12.098000
92664128-bab8-45db-9294-59ea8c38d63f,567e9801-713b-40c8-9d88-24b131beb459,tamisage,1,83.38,{},2025-11-04 18:36:12.098000
24fe2c36-0aad-418e-b8f8-9e8356e34568,f216f20c-eeed-4140-87b4-f7c9894e3ccd,tamisage,1,83.27,{},2025-11-04 18:36:12.098000
b4107e31-bcb3-4dce-bb99-264c372f5307,fec1825e-36dc-4b94-9df1-3b8043408243,tamisage,1,82.57,{},2025-11-04 18:36:12.098000
5ad476eb-972a-4890-883d-5af05b1a8119,afa0a1d1-c14e-4cf1-a4fa-b0d97c020a5b,tamisage,1,1.5,{},2025-11-04 18:36:12.098000
7faf6187-9111-4713-b639-4fe153722239,f6ad2424-9181-45ad-9e97-8ff998ebf183,tamisage,1,2,{},2025-11-04 18:36:12.098000
4c57729f-a1a6-4937-a26f-ec64744c6584,ba742922-350e-43d5-bc3c-44b996f9d04a,tamisage,1,32.88,{},2025-11-04 18:36:12.098000
6be5bcee-d3f5-4474-a7be-73a3a5462c1f,b7a9afbf-cdc3-4618-ada7-c0ca5a5ba8a5,tamisage,1,33.44,{},2025-11-04 18:36:12.098000
af62330c-1602-436d-b59c-c4866983a2cf,c5d6ac01-b01d-48fd-8589-37847e26efb9,tamisage,1,25.7,{},2025-11-04 18:36:12.098000
4b038775-5297-4a0a-907c-fc0fcb2826dd,3d8774bc-bd24-42c8-b422-7083f58f0e05,tamisage,1,24.02,{},2025-11-04 18:36:12.098000
9f2b3565-a405-43be-bd05-624d8a554134,2a60001c-ca23-46af-ab7f-bb50e12dd7dc,tamisage,1,25.93,{},2025-11-04 18:36:12.098000
64cab86a-0c48-419d-8a41-72a89fb91e4d,14225687-3f1d-43ab-9eee-9186f3bbbc8b,tamisage,1,43.17,{},2025-11-04 18:36:12.098000
a889295a-0549-433d-9919-fc00fb30d3d2,11247b00-a4be-41dc-9396-1eba995523cf,tamisage,1,57.32,{},2025-11-04 18:36:12.098000
3af63b10-1c7a-4f6d-b448-406d0b1e9525,e0a47b25-88ca-4d9d-a38e-c0d583c7d873,tamisage,1,36.66,{},2025-11-04 18:36:12.098000
61803613-8dd0-4066-a508-62adeb536665,72fe7382-50f9-4e20-9458-28e4d80b744a,tamisage,1,42.28,{},2025-11-04 18:36:12.098000
15a38a9b-d8e1-4ee0-984f-274f804d2d46,fb4ba02c-45aa-4d7f-9cdd-a00d8e85e0e5,tamisage,1,44.24,{},2025-11-04 18:36:12.098000
b9004b85-6cad-4d85-a398-07dfc5e8c0ac,1cbc3daf-27e0-45b7-b32d-29fbd3398a39,tamisage,1,43.52,{},2025-11-04 18:36:12.098000
e579a510-745b-494a-893d-ce6dc510ebba,a37be5a2-a855-4f2c-ae09-76ffa8d65a07,tamisage,1,48.1,{},2025-11-04 18:36:12.098000
1ac0c00f-4e38-4fde-add3-a4ee67867ef0,22c8ad8d-3542-47a8-a0c1-b7ce5d8f4c5a,tamisage,1,47.47,{},2025-11-04 18:36:12.098000
25db002b-cff8-4767-9469-0c50c3a52a4e,361d7da8-6895-4293-a3d2-46486e972cf3,tamisage,1,53.44,{},2025-11-04 18:36:12.098000
97ea8119-cfb8-4d14-b238-a68e6bfe891e,4a23c9c2-6f03-45fa-93ca-1ff4e357f567,tamisage,1,58.15,{},2025-11-04 18:36:12.098000
bf022612-421c-4934-a729-d92ba71ad354,058d2ca8-d6be-4e4c-b07a-bb7e5f671e3c,tamisage,1,61.86,{},2025-11-04 18:36:12.098000
ca81eb57-edbe-455a-b0cf-5b04ad1ba880,c579a93c-6310-44a3-8c5d-0d98240bdfb7,tamisage,1,36.22,{},2025-11-04 18:36:12.098000
e9048619-17b5-4cad-9339-a4d7ce49f5bb,280ce4f3-2feb-4fd9-ae35-3d16896b1801,tamisage,1,36.88,{},2025-11-04 18:36:12.098000
8a9ebc26-dd57-4726-85b2-d43988fb87f2,be5e672d-dd7e-44d3-a1fb-65f50e8c2b7f,tamisage,1,42.8,{},2025-11-04 18:36:12.098000
61227bb8-dcfe-47f7-9266-9e4b6dc0fccd,cc948b75-94ab-4871-bba9-982f600d2b52,tamisage,1,53.18,{},2025-11-04 18:36:12.098000
4e71b5d4-3618-42ef-aab6-b091de1bbc94,32c9ccbe-dc11-4c09-86c7-9b30227b9413,tamisage,1,54.24,{},2025-11-04 18:36:12.098000
30a99b2b-87da-4665-ac20-e543035bf162,0168f511-3daa-4fcd-9539-dddb8fe9b17f,tamisage,1,30.07,{},2025-11-04 18:36:12.098000
d5919c2e-7f10-43b0-ad4f-be8983668d7b,7deea520-f419-4c08-b7f2-b663cc1cd386,tamisage,1,62.56,{},2025-11-04 18:36:12.098000
1f51c2fe-eb5a-473d-9e16-e3ba7a5a0fa3,4c140798-d14c-466f-9b34-5e014a63dcbf,tamisage,1,64.05,{},2025-11-04 18:36:12.098000
353bb854-4b7d-4c2b-b028-e4140a29bb58,c2daea91-b6dd-4a6e-adc1-2a8d861f908d,tamisage,1,63.99,{},2025-11-04 18:36:12.098000
6b457680-1575-467d-9c6f-244ec5f4f8f0,ea2d98b4-48fb-4b39-9afe-a8eec7dd2c5f,tamisage,1,35.37,{},2025-11-04 18:36:12.098000
a35efdb5-d3d5-45e6-9b51-22f10742191e,23df39e5-2943-4683-bde3-08d5ed206137,tamisage,1,42.25,{},2025-11-04 18:36:12.098000
7c295af4-64c3-4034-8f99-21b2b95c4f61,892c7b77-cefb-4471-b79a-13d432f6b014,tamisage,1,69.31,{},2025-11-04 18:36:12.098000
fa127024-62ae-42ef-b9bd-c945da430ad9,6a924543-6003-434a-8b34-374d3902b7a4,tamisage,1,56.71,{},2025-11-04 18:36:12.098000
023a1417-6ba8-46fc-8e93-a7dff33e9193,fc22455f-852e-4235-8af9-00ae7aa6262f,tamisage,1,67.3,{},2025-11-04 18:36:12.098000
f384e107-71a3-4655-b3c7-e16801117933,604546c4-8e09-4a5e-8e61-db0116ad66cf,tamisage,1,66.59,{},2025-11-04 18:36:12.098000
94286a88-213e-433c-8801-39f27eece9cc,2e2e37c4-e170-40e6-aff6-6b253fe8eb95,tamisage,1,62.84,{},2025-11-04 18:36:12.098000
2a547664-4134-4d25-aba7-c67c0ec77bb9,bdf7eac2-506a-4056-a1a6-520724afc0e8,tamisage,1,61.54,{},2025-11-04 18:36:12.098000
05046f1d-f09f-4f32-891c-112a2eab3c57,07df4d91-69d0-4a85-94dd-870549db3115,tamisage,1,52.9,{},2025-11-04 18:36:12.098000
3e60d614-1783-47d7-a60b-f0a1906bf24b,f1c897d2-1cac-4bf7-b44e-01323f249ffe,tamisage,1,61.37,{},2025-11-04 18:36:12.098000
62f13f71-0798-4501-b31e-1972dcde52a4,73a40057-9b14-4729-814e-d57169cbc3f3,tamisage,1,53.84,{},2025-11-04 18:36:12.098000
c3703fac-9ac5-4445-8b01-12c340bf8b49,fe6a6045-c8e6-4d72-a244-95c39cbdc6c3,tamisage,1,63.67,{},2025-11-04 18:36:12.098000
3240861c-4803-4ddb-b1e4-9fce051476ac,12022b50-eeb6-4717-a5c7-ffa85e7c15a6,tamisage,1,65.35,{},2025-11-04 18:36:12.098000
0165d89e-d694-4b02-aece-d04df7057593,5d5953ee-e3fe-4ac0-9b08-6b4375547142,tamisage,1,40.1,{},2025-11-04 18:36:12.098000
c137e235-37be-4a1d-a626-90129f329149,4ff6c36c-4e5b-49f2-acd2-f19c9d0ca482,tamisage,1,38.5,{},2025-11-04 18:36:12.098000
e0433fef-e148-424c-a94c-50bf1b587dba,ea8786ef-9bda-4f8e-abb8-928014b93c4b,tamisage,1,39.51,{},2025-11-04 18:36:12.098000
2d2af897-750c-428d-b24c-41a60a2710ff,ed2fec3b-318b-4319-aabb-b9963447a09a,tamisage,1,38.18,{},2025-11-04 18:36:12.098000
5d2c7045-622a-4815-9f61-4037cd751242,72f237bd-c2a1-448e-81d5-ca58053234e7,tamisage,1,37.66,{},2025-11-04 18:36:12.098000
6c611691-4d5e-4e11-9a40-92623a5d30ae,fec38550-5b02-40aa-bed8-842dd1906b4c,tamisage,1,40.46,{},2025-11-04 18:36:12.098000
9639eb83-0611-4665-a43c-07249583901f,f1899f4c-95c5-4501-9788-44f51ea22a6e,tamisage,1,42.63,{},2025-11-04 18:36:12.098000
612ad008-fef1-4622-843c-3032b5396a9f,bc9c24c2-bb20-4318-9095-0f6af56d9321,tamisage,1,80.08,{},2025-11-04 18:36:12.098000
f64187bd-4561-47f7-b6ab-5753f396ac53,ba4ff621-f68c-47d9-8f10-52550ffa9857,tamisage,1,88.79,{},2025-11-04 18:36:12.098000
550031d6-3e54-46e1-9e01-d84c4ddb3b32,f8a6a5f3-312c-4d89-8232-893b36e2b496,tamisage,1,80.58,{},2025-11-04 18:36:12.098000
9d0fd8a6-2019-4487-9969-c14103bb5a7b,0bcc2a5c-d623-4990-8764-c3d46c171304,tamisage,1,47.01,{},2025-11-04 18:36:12.098000
f3d585a3-c124-4d0c-b5ac-efa86f774404,4273d135-4e7e-4d6a-966c-ef70839f2ebf,tamisage,1,50.04,{},2025-11-04 18:36:12.098000
b14565ab-6a48-43ea-8b26-ce6c7b337313,31d6e16b-f588-4edb-943f-2753f0c03c12,tamisage,1,56.37,{},2025-11-04 18:36:12.098000
13d2b3d2-d28a-4d81-a139-10a1384b131d,c26462d7-0908-4bef-8e31-9d3df54d0222,tamisage,1,39,{},2025-11-04 18:36:12.098000
672a4852-90e4-4134-a0a9-6133529ac4c2,b994d727-0121-4970-8be7-4bb3fbe4115c,tamisage,1,57.02,{},2025-11-04 18:36:12.098000
136d9845-ea27-4b28-ad39-773f550b812b,8d750e61-f43d-459b-b69f-52cdefca3be5,tamisage,1,64.32,{},2025-11-04 18:36:12.098000
8c545250-d96a-4833-a1c5-157ef03cd55d,1d26a1ba-08b8-4024-a015-cf701419881b,tamisage,1,67.89,{},2025-11-04 18:36:12.098000
f0d063ed-ef41-4bd3-8199-24bf30710ba9,16ae2463-6112-4449-9afc-684cdbf1eea5,tamisage,1,78.3,{},2025-11-04 18:36:12.098000
95c0b443-74da-4091-97c4-3d99f7078ccb,9baafa12-3dac-4904-a9a3-5351c60980b7,tamisage,1,74.15,{},2025-11-04 18:36:12.098000
38b0e77d-e157-4b0a-b5aa-243d57ad306d,8d633897-21e6-4fd1-bbee-9d310cb3209c,tamisage,1,45.89,{},2025-11-04 18:36:12.098000
607ff08d-b97a-4031-be7c-c6f2b6057e33,23c7295d-4293-4e06-9541-9ed9a413e422,tamisage,1,44.68,{},2025-11-04 18:36:12.098000
159cb164-b1d9-468b-aec7-d4f263d28817,ca5ce066-6794-4989-bb93-1058b3b9c4b2,tamisage,1,53.1,{},2025-11-04 18:36:12.098000
2adcd635-1174-445a-9bdb-d9810188c1e5,3ccf9046-17e1-44a7-a67e-100d50aca578,tamisage,1,55.11,{},2025-11-04 18:36:12.098000
8e12a2f2-270f-4c14-bd37-aa22b9f225a8,0bed84f7-858f-42f3-9e73-d0b55432452b,tamisage,1,58.96,{},2025-11-04 18:36:12.098000
78c1a4cd-1021-4ad0-9380-1a9910d6839c,3144df74-793b-428e-9268-5836e577766d,tamisage,1,66.42,{},2025-11-04 18:36:12.098000
1f7927bf-8ad7-4bf9-868e-30758d82549a,119ad174-a978-4a42-919f-fac890ea6cdb,tamisage,1,74.98,{},2025-11-04 18:36:12.098000
6b3d094e-cac0-447f-918e-ee503b63e9ec,0f9a2f77-c466-41f5-8099-1eaab8ca7557,tamisage,1,74.92,{},2025-11-04 18:36:12.098000
a443292c-9ec9-410e-bfd0-54d7d072e042,a0102ed6-01b0-464f-bb21-2b26ac4065d3,tamisage,1,74.73,{},2025-11-04 18:36:12.098000
99f2fa19-c178-47fc-984a-30a615ffdb03,0c99561f-2f73-4312-9aba-2ce89282085a,tamisage,1,74.98,{},2025-11-04 18:36:12.098000
4ac3db29-cdbb-4dd3-9e8c-371d107efb95,6de41ec0-f274-42bc-89e8-9aadd1e00882,tamisage,1,81.1,{},2025-11-04 18:36:12.098000
defadbc0-b824-4e84-99d4-a6b29e74db0a,bb937683-4d33-48bd-8c46-53fde0fe3513,tamisage,1,76.82,{},2025-11-04 18:36:12.098000
563c17e0-97d6-4a46-80c8-b0842d5504ec,b995b73d-831d-490b-b3e3-7165c6dd48b5,tamisage,1,58.05,{},2025-11-04 18:36:12.098000
48bc4c55-cba4-4a0d-8219-6028d9886567,8205021d-1982-4f6e-905d-cd0599645ba9,tamisage,1,63.4,{},2025-11-04 18:36:12.098000
88ba024f-c920-4860-8469-eb80a6e81e5e,0b5d98a8-46a0-4c31-af02-1af1911a716e,tamisage,1,63.34,{},2025-11-04 18:36:12.098000
2aba6519-70b5-4a8a-84b0-19b7a1ab5578,0a30f8f5-febc-49b6-a6aa-7a9ccd0ed53d,tamisage,1,34.99,{},2025-11-04 18:36:12.098000
a1dfe4bd-e4b1-43a3-be01-96ea8ce80f78,70be9882-3408-4688-99d4-e218a9c12141,tamisage,1,31.48,{},2025-11-04 18:36:12.098000
b05564cc-ae1a-404b-8c60-83461181b180,f2164896-dc88-4627-adeb-3168082199a7,tamisage,1,33.05,{},2025-11-04 18:36:12.098000
defa6ada-439d-4333-8a6f-71d8d8a509b9,1bed7512-df26-4a58-abc5-9c3a8e092ace,tamisage,1,23.19,{},2025-11-04 18:36:12.098000
c9eb6e69-795f-4591-9648-1f9790152217,563cfa10-1917-444f-bff7-1815235f9b7e,tamisage,1,41.04,{},2025-11-04 18:36:12.098000
8318a7b9-d685-429f-a6d3-0e0b445b8baf,b62b78c4-0e32-4238-b7c7-3dd2865e4d32,tamisage,1,41.83,{},2025-11-04 18:36:12.098000
fcf9c19f-3cf6-45c2-912b-d6a081d58d99,f4e94b88-c1ba-4633-ba07-c720275887ac,tamisage,1,82.48,{},2025-11-04 18:36:12.098000
d5219838-66f3-4e16-993a-f0adc91700b9,6ddc6ca3-93fc-46ca-822d-5a7a11f1b218,tamisage,1,54.74,{},2025-11-04 18:36:12.098000
1e67fc64-a9b3-43a1-9725-cd761302d3cc,ff6016a9-42d2-4a02-91ee-616596fb0847,tamisage,1,56.61,{},2025-11-04 18:36:12.098000
c138ddb6-3f65-4e4a-83c1-2e776171c579,e8d9c3a6-2d9b-4477-990f-9096fc47e93f,tamisage,1,35.17,{},2025-11-04 18:36:12.098000
79938ace-a928-4df6-9811-959f922a636b,62ad4ec8-f0fc-40ad-b8a1-ca2c3dc323d6,tamisage,1,33.19,{},2025-11-04 18:36:12.098000
878e296d-0ed8-4372-80a4-010fb5c66d4e,167e34c1-9595-4bae-9f71-87c8d8a7c75d,tamisage,1,28.89,{},2025-11-04 18:36:12.098000
16d2da72-b3b2-48cb-9cbe-389d878933de,379c260b-8db1-4f22-88a2-9ca948db646b,tamisage,1,34.88,{},2025-11-04 18:36:12.098000
c23aa3ff-3b65-4edf-955d-768d4b0d729e,f7ca20ce-4496-45ec-bc67-fb459b038cef,tamisage,1,34.58,{},2025-11-04 18:36:12.098000
ff7b2dba-00f1-46b4-8665-ba13777244a6,b7389609-bdfd-469f-ae05-ac598824bfcd,tamisage,1,49.9,{},2025-11-04 18:36:12.098000
046a1a89-123d-4826-ac13-d99d7ab1c31a,4706c451-d312-4525-a354-e59c167a2173,tamisage,1,60.47,{},2025-11-04 18:36:12.098000
905bd88e-72bc-4466-82dc-afce65a98d3e,bff3444d-fdc5-4189-8ee5-c38174b8f2bf,tamisage,1,75.4,{},2025-11-04 18:36:12.098000
e16aedbf-304a-45ae-b978-a3f4ddd2ac8b,1a7dacdd-c382-4cad-bfe1-ae1c5d36d766,tamisage,1,53.41,{},2025-11-04 18:36:12.098000
9c5e02cd-33f8-4670-b29b-56cca48ec31d,1b1f7fe0-68f2-4e85-9395-de1a3680528d,tamisage,1,44.6,{},2025-11-04 18:36:12.098000
b1590cba-d4bc-4cad-834f-175883bd86bf,41b0d9ba-973e-49ff-94d3-3eb5f76acab3,tamisage,1,46.36,{},2025-11-04 18:36:12.098000
5b275934-87de-4935-a4c7-d8dbb357ba6c,2ba80b80-6eab-408f-9474-11e32871afb5,tamisage,1,55.25,{},2025-11-04 18:36:12.098000
e547f67b-eff8-40a8-8fcc-79634d00f0dd,f67023d5-3169-434f-80c7-6872e4516bec,tamisage,1,33.72,{},2025-11-04 18:36:12.098000
f7d7a621-ca2d-495d-9052-a46afb0d19f2,9e77719f-f372-4047-ace6-031e2d096f1c,tamisage,1,31.16,{},2025-11-04 18:36:12.098000
059377e0-fdda-421d-b54d-1ad6939c8111,2f9c92fb-d976-4be5-9ca6-3839602e7a7a,tamisage,1,32.34,{},2025-11-04 18:36:12.098000
c111273e-a0d7-4c03-82ed-b51acce86d39,01a1b5f0-e529-43ac-9bbb-c9e6bb0a3ce5,tamisage,1,21.86,{},2025-11-04 18:36:12.098000
7e554f05-5410-4271-b245-b505e6d3b080,3f63c945-eeae-4b2b-b8e2-189771695a85,tamisage,1,24.22,{},2025-11-04 18:36:12.098000
8d5c3e50-f6da-4e0e-bf84-c26f0f0a8f57,b4cdc770-5f08-443b-a3a5-3ce0af07bde2,tamisage,1,31.83,{},2025-11-04 18:36:12.098000
eb3a9b35-dad3-41e0-b3cb-12b90a3a98b9,64e07367-cd3d-43b7-a131-aa6aed55c6fa,tamisage,1,58.49,{},2025-11-04 18:36:12.098000
c935c77a-ffe4-4998-866c-095003bfee7a,e393a7d9-50d3-495f-b968-e1d8322d33dd,tamisage,1,65.13,{},2025-11-04 18:36:12.098000
76eb31ae-a47d-4ac1-8719-29f76181bcf2,eb64de7d-8a03-4e54-8602-0310109fafb9,tamisage,1,52.58,{},2025-11-04 18:36:12.098000
c6d758e8-ddf1-4dd3-8496-defdef556dbb,8e853252-5dd6-4d87-bc93-641bdb21dc3d,tamisage,1,60.36,{},2025-11-04 18:36:12.098000
ea932285-574b-49e0-8896-59087f3d6c7f,d05b2dc0-1135-492c-93e8-f49e9dddf8ff,tamisage,1,51.76,{},2025-11-04 18:36:12.098000
770cd0fc-ebf2-488d-a23f-6debeeefbc13,e2283619-a407-43d2-8729-16cbadd51ac1,tamisage,1,53.47,{},2025-11-04 18:36:12.098000
bb27edc4-1c9d-4063-b532-223bd821baeb,e2d4b580-eb78-482d-9558-c64c7ce0538b,tamisage,1,26.82,{},2025-11-04 18:36:12.098000
ab7a6c74-4c6c-42dd-8815-04bac6fe4183,9ab0b78f-6609-4e6f-a874-3167279ffbc5,tamisage,1,29.53,{},2025-11-04 18:36:12.098000
581852d6-2b28-4837-a918-a57407287108,9a8a17b9-71dd-413a-b94e-6e16f486d7b8,tamisage,1,24.53,{},2025-11-04 18:36:12.098000
f833a076-a46f-4fd4-ba3f-0ba7eb636a95,27b22f75-3c4c-4c40-a5c6-b99d57b2d0de,tamisage,1,41.46,{},2025-11-04 18:36:12.098000
11dd4b29-8a92-4bb9-8e43-d2f8e08f54a9,e3d58527-bcc9-49f7-bb8c-26b4f1da0204,tamisage,1,42.86,{},2025-11-04 18:36:12.098000
23d9c91f-3f21-4b47-9a9e-ada7d19fe0f9,ec6e8097-13d6-4221-a518-52c5006a220b,tamisage,1,32.27,{},2025-11-04 18:36:12.098000
be8f4e6f-6c21-43ed-888a-5ddd0842dfff,d1643224-afe8-4520-a3ae-59be9ad09e8e,tamisage,1,49.98,{},2025-11-04 18:36:12.098000
8d39b757-d1bd-4cc9-a419-f14d8740fb41,4359a34d-e247-47d9-a8be-a93b30885b71,tamisage,1,53.74,{},2025-11-04 18:36:12.098000
4e4e21a5-ad8c-4bda-b247-ef1282e86abb,ee5444c4-ab02-4b29-bc39-30bfaa643124,tamisage,1,51.26,{},2025-11-04 18:36:12.098000
55481d00-28b5-4519-a76b-f2d5ddb11f9d,8cc4797d-b0d8-4ea7-9fab-d9dfd88ccc7b,tamisage,1,69.31,{},2025-11-04 18:36:12.098000
3d6a4586-8cdf-4455-ac9f-21405006c8fc,dae844de-f1c8-410c-af37-62e4d90cc467,tamisage,1,56.71,{},2025-11-04 18:36:12.098000
87f77dd4-0df4-43e9-80a7-440991baec80,7349b518-ecfd-49e8-9a55-7abd8d456e01,tamisage,1,67.3,{},2025-11-04 18:36:12.098000
74eb8f22-7706-4c9b-8b96-990774cabd6d,5eecb825-f12c-4ffe-b37e-4adb481e0426,tamisage,1,52.9,{},2025-11-04 18:36:12.098000
9e10b7ad-1936-4ff0-8300-68d52f924345,9a060258-bc0d-4001-9e96-046eaf357c51,tamisage,1,61.37,{},2025-11-04 18:36:12.098000
2688af1d-5cf5-427b-915d-4aea09243111,82bee234-3fb5-43a0-86d0-822e85919605,tamisage,1,53.84,{},2025-11-04 18:36:12.098000
3e0873a6-5279-4337-bd90-202c006d857f,17b476f7-f87b-4dce-89c1-7c5eb78a1123,tamisage,1,64.47,{},2025-11-04 18:36:12.098000
0390e194-5fe4-48b9-b00a-c8e807c86fb0,257e7901-53c1-4420-ac7b-03d5a94652d5,tamisage,1,63.83,{},2025-11-04 18:36:12.098000
1033b0b8-1d70-4be8-84ef-04ed43507cab,0e113de8-ba76-4797-be79-3a816c9eda7f,tamisage,1,65.5,{},2025-11-04 18:36:12.098000
82574b1a-3558-4bdd-9d28-a653da892b43,c09e1b22-c6a2-4b69-9d1a-e70303b44ed1,tamisage,1,64.43,{},2025-11-04 18:36:12.098000
b5750c25-1f22-4fce-a394-78a4b39dfd8f,edbe2a07-4df3-4e6b-931a-953a48b382da,tamisage,1,67.68,{},2025-11-04 18:36:12.098000
c6c252cc-d0fc-4e33-8d57-573c87520175,6e89a63e-2ebe-4a02-80c5-2a3ceddeb90f,tamisage,1,65.12,{},2025-11-04 18:36:12.098000
b631e37c-5e04-4198-99f6-417ea962e5dd,103f170f-7958-40ad-8626-79b0b06bb4ae,tamisage,1,64.2,{},2025-11-04 18:36:12.098000
c45cf445-8311-4504-ae3a-07556d36fa70,ccfa60ff-dd98-4c9b-af02-83b17cdd5dcd,tamisage,1,65.09,{},2025-11-04 18:36:12.098000
50fb0c42-6fc3-4df7-bfcb-7ef56fb5f718,5a0a38a1-9944-4b08-b3f8-4062db590efa,tamisage,1,65.55,{},2025-11-04 18:36:12.098000
80c0f20e-6a2e-4a68-9b8c-1d08c0d45b44,b7feb7d2-59ae-44df-ab0a-850a886f6ebb,tamisage,1,53.12,{},2025-11-04 18:36:12.098000
aa7452c7-114c-412c-9eb7-b089bcd444f0,b6a7cafe-8a5f-4b48-b2a6-5dec22bb7fcc,tamisage,1,60.37,{},2025-11-04 18:36:12.098000
6dc4a013-737c-4ba2-ab85-3abb0012e372,6ff5f3c8-324f-44bf-ab88-8ee847e37368,tamisage,1,68.09,{},2025-11-04 18:36:12.098000
f6fec9b0-e153-4baa-9212-bff336d59cdb,050385d4-4372-4030-9e0f-9ae7137b50e8,tamisage,1,50.94,{},2025-11-04 18:36:12.098000
744e4305-3e5e-4e33-b224-dfa61058e9a5,2f377317-9065-4a56-8f58-05d3e3517b73,tamisage,1,52.3,{},2025-11-04 18:36:12.098000
63f25bb9-a676-477a-825e-dc6b8b83c1bb,82f0764a-3996-48b1-a016-3ec5d03a0e23,tamisage,1,57.81,{},2025-11-04 18:36:12.098000
83a798d4-ad8a-4ac9-8dfd-315ddec2ad8b,42f3adf0-13e4-4a05-a5b9-84bfbffafc9c,tamisage,1,58.98,{},2025-11-04 18:36:12.098000
11cd95ea-5684-410f-9a29-c277b2a7df67,da83191b-d29c-4554-b7ac-e09586c7d57f,tamisage,1,58.67,{},2025-11-04 18:36:12.098000
806d7a07-0efe-4b79-a9ec-98026b777ef0,de471f78-2d95-4da5-a435-0fd8e47eaa89,tamisage,1,51.27,{},2025-11-04 18:36:12.098000
7a910dcc-7cfb-4410-9f1b-b5e2c5b0cd80,d346f1c8-a76c-4e09-893a-b933b33def37,tamisage,1,44.24,{},2025-11-04 18:36:12.098000
b37b7a12-6f3b-483e-9054-2e1d07514d2f,b802e4ed-de63-45f4-845f-cdb3b3f39747,tamisage,1,54.02,{},2025-11-04 18:36:12.098000
f756627b-0ec6-437c-84d5-5693496b5f80,92c82d41-e922-485f-9651-011aa52d56be,tamisage,1,64.81,{},2025-11-04 18:36:12.098000
fe99535b-b102-445d-9be1-b5b928f9dc10,4ce830ae-7ae3-4c64-87fa-8c596949d054,tamisage,1,48.52,{},2025-11-04 18:36:12.098000
24022c43-67c8-4bcf-9111-cb598cbef00b,4a5e212d-4e83-4d08-b19f-00e96703a2fc,tamisage,1,31.43,{},2025-11-04 18:36:12.098000
cbbcfc21-2e94-4b8e-ae35-94763f6afe32,1e4991c3-a65f-4da3-8135-a6aafda26937,tamisage,1,33.3,{},2025-11-04 18:36:12.098000
b616de22-0fcf-49f7-a772-7800b7ed77aa,ab39453c-277d-4e18-9733-b7d2b02abf28,tamisage,1,49.36,{},2025-11-04 18:36:12.098000
b32b908c-fb90-4c38-96ac-75efa64149ca,1a457e65-d418-4ea8-bd63-ad6491e126c9,tamisage,1,65.44,{},2025-11-04 18:36:12.098000
8adfad20-d2f8-4900-8f63-e5357e790c21,d6114449-6726-4c8c-9fb3-083e147980e8,tamisage,1,58.88,{},2025-11-04 18:36:12.098000
66e83bf6-21a0-416e-bee6-f42b62dddbe5,c63969c9-950b-4619-9834-095e389db4c2,tamisage,1,33.85,{},2025-11-04 18:36:12.098000
dc95a4bf-ccf3-4f5c-9f0a-acef51db2abd,214f8b7a-e182-4daf-bec9-3796aafd2dfc,tamisage,1,36.36,{},2025-11-04 18:36:12.098000
48e061ff-f873-47ca-8845-b3e958331aac,51bc0ebe-b2c7-4910-8c8e-19232d83b3fb,tamisage,1,39.89,{},2025-11-04 18:36:12.098000
146cf81c-1871-45de-8084-fb964ae69c27,81864e44-2100-4c0c-9366-0af6ee1d1911,tamisage,1,40.92,{},2025-11-04 18:36:12.098000
341cea78-47d9-4e39-acc0-1eedc677390f,26de8ca3-430f-44a2-9974-9b82114b995f,tamisage,1,42.53,{},2025-11-04 18:36:12.098000
2e0d263d-34ea-4d8e-95d3-2300d0da2ef6,80ca7c26-4279-414e-b943-7d7209858ae2,tamisage,1,44.56,{},2025-11-04 18:36:12.098000
fdef51b3-2ac2-498b-a4d2-01b969a93a20,f7e2f1ac-5fc8-40c3-b579-368b95c28c65,tamisage,1,56.74,{},2025-11-04 18:36:12.098000
74cd9d4d-d41a-4221-abbb-9451c320d528,6804f523-b673-4391-8ff4-2ab866ea1b5e,tamisage,1,54.47,{},2025-11-04 18:36:12.098000
7554747f-25bd-497b-8e65-cedc7501a916,5cba7f0f-7da0-4140-9955-e56d71940002,tamisage,1,36.13,{},2025-11-04 18:36:12.098000
b2559a56-8fc2-4b98-b660-61e7705293df,fac810ce-c5ed-42bc-8ae0-460d692f9840,tamisage,1,25.8,{},2025-11-04 18:36:12.098000
1887b5ba-800a-45cb-938e-755383450ac9,af49280d-3539-4173-ba75-13d2138c2b0b,tamisage,1,22.35,{},2025-11-04 18:36:12.098000
fe8e9060-3d91-4bcd-b760-c2e85343fab7,c8df1ecd-5661-4412-bb48-ad9777efeda4,tamisage,1,21.78,{},2025-11-04 18:36:12.098000
d1d013ab-ca4f-488c-bfd8-06b536fe6de9,07ae03ee-73b3-4124-9ab2-e24f20796568,tamisage,1,36.26,{},2025-11-04 18:36:12.098000
24910603-4991-4dec-90f5-26bf86631305,1ca363b3-30f7-4be2-b431-0500787d1311,tamisage,1,38.45,{},2025-11-04 18:36:12.098000
f85a8b29-bba3-4fbd-84d4-cf79f3d91241,515720eb-26ab-4758-a6c4-7f579a982cea,tamisage,1,41.68,{},2025-11-04 18:36:12.098000
6adc6812-3c46-467d-b772-6c0b7e16b636,083124ba-c2aa-4dbb-be76-9e7491b79520,tamisage,1,46.42,{},2025-11-04 18:36:12.098000
c505d9ea-f9a9-4c67-bb27-1148b0914bed,fd802ed8-70eb-453a-bf03-ddb270becd50,tamisage,1,49.48,{},2025-11-04 18:36:12.098000
c984bd3b-863f-46a3-8ea1-3d56d777e96f,f1f8b797-f6ab-4441-a828-f7f5ee9ad24b,tamisage,1,44.6,{},2025-11-04 18:36:12.098000
2c613df9-cb94-45ea-abe7-71fb5f6d1b16,a1a50030-74fa-4f34-9f19-7a8c7c48fbaa,tamisage,1,52.81,{},2025-11-04 18:36:12.098000
0196dc06-c0ab-44c8-a5fc-876c29595624,41d2adad-1718-426b-835a-8464e5bd378d,tamisage,1,57.5,{},2025-11-04 18:36:12.098000
34673303-7089-4072-9729-2f76951b7b24,fb24e974-a327-4e22-bd3c-c9f031b3d48b,tamisage,1,58.75,{},2025-11-04 18:36:12.098000
a7965973-67c9-449a-969f-8495215e7a0a,2de73bcf-e5a9-450b-b8f8-0f219796a40f,tamisage,1,26.09,{},2025-11-04 18:36:12.098000
8684c587-5f22-44ef-acf0-bb3c932a12e3,0905f45e-9a56-4799-a683-f3f867af32a5,tamisage,1,29.83,{},2025-11-04 18:36:12.098000
9ebf4242-0fca-4bb0-98e6-e381184af258,8bb3c94c-e70f-4500-9845-127dbf2c9fdf,tamisage,1,33.21,{},2025-11-04 18:36:12.098000
41276f1b-324f-4ed5-b26a-93f2dee2a15f,04c93d18-c495-4842-b222-83bd0e442c41,tamisage,1,39.88,{},2025-11-04 18:36:12.098000
efe0e1d8-1f33-4d17-857d-2e22c4e88180,76c3c55a-461d-4d2b-9b2d-ac8ea190dad2,tamisage,1,44.92,{},2025-11-04 18:36:12.098000
8d0bc875-e30c-4fd8-a902-b9645cdf138c,0eb8dff2-3664-4f43-997f-c47dc8aaa530,tamisage,1,54.01,{},2025-11-04 18:36:12.098000
d7c1d7b5-293c-436c-b09b-bbca6c5ba1a4,1075f446-f2ec-4472-b583-f02b684e93ca,tamisage,1,48.51,{},2025-11-04 18:36:12.098000
69d7d39e-d025-4557-ae47-80366e385e54,035770e9-d428-420d-9036-ce85f329a251,tamisage,1,50.79,{},2025-11-04 18:36:12.098000
38bf6547-e80a-4dc2-89f0-41eb07f081a0,a356be89-8787-45ec-bdf0-b549f65a9139,tamisage,1,57.8,{},2025-11-04 18:36:12.098000
079ca084-4712-4cd7-a3ba-e75bf9a1662d,d19e74d4-3a71-4d83-991d-cff5386d7dc9,tamisage,1,66.38,{},2025-11-04 18:36:12.098000
24f773ee-d171-4e05-9092-ff7911b483bb,e1cfb9d3-e2cb-45c8-89c7-96d621fb751a,tamisage,1,60.77,{},2025-11-04 18:36:12.098000
1fe0fb7f-187b-4742-a422-3e53340fe17e,cf95f148-7e64-45db-90b0-e9d7bb827fc1,tamisage,1,58.36,{},2025-11-04 18:36:12.098000
d8669750-b104-45c4-bb6b-164a06f3431e,b700db2b-88ee-4931-878a-e480a5fdbb46,tamisage,1,57.05,{},2025-11-04 18:36:12.098000
47de0b8f-e4b2-4116-9250-c1808da6bd85,eca01a46-a6ce-4c60-b737-984978a8ad27,tamisage,1,65,{},2025-11-04 18:36:12.098000
bf421a0e-d768-4919-b709-5dd61078c6f9,4e0dc31b-d5c6-43a9-b0b0-8dc71a833bbb,tamisage,1,42.49,{},2025-11-04 18:36:12.098000
