id,essai_id,densite_apparente_gcm3,densite_absolue_gcm3,teneur_eau_pct,source,measured_at,meta,created_at,updated_at,created_by,updated_by,created_by_batch,updated_by_batch,deleted_by_batch,deleted_at
0e765376-4702-4a67-af66-0a6d51ecc3e4,3542c298-6f20-405e-8e58-b975685a8a81,,2.47,,,,{},2025-11-03 16:20:04.011,2025-11-03 16:20:04.011,,,,,,
1b91bb7c-bb3e-44fc-837f-9327bcde7240,22727cbe-043c-4470-a425-a1a54f783134,,2.39,,,,{},2025-11-03 16:20:04.049,2025-11-03 16:20:04.049,,,,,,
cd24b30f-0037-4cd9-906d-3f0366d077cd,9a3b113e-75c3-49ab-b0db-f5f5fafa6616,,2.63,,,,{},2025-11-03 16:20:04.053,2025-11-03 16:20:04.053,,,,,,
66a59116-b5ae-422d-9768-1499186f413f,2af2c178-bc1d-410f-ba50-ec546ca0c2db,,2.51,,,,{},2025-11-03 16:20:04.057,2025-11-03 16:20:04.057,,,,,,
89eedd06-19c1-4295-a040-6cb46d62564c,75ab2553-9f1a-4b35-8c9b-8a5b4c648473,,2.57,,,,{},2025-11-03 16:20:04.060,2025-11-03 16:20:04.060,,,,,,
6d1674d6-10e8-476a-8f4e-535287ebf5d2,e9a11a5e-86b8-4006-aca6-9fa90a4c4813,1.28,2.49,14.61,,,{},2025-11-03 16:21:14.253,2025-11-03 16:21:14.253,,,,,,
15440fa9-4912-4060-8329-324240fc0809,bb21331e-1564-455e-ae57-ea52b96d7d3a,1.16,2.45,11.29,,,{},2025-11-03 16:21:14.253,2025-11-03 16:21:14.253,,,,,,
037e1b7f-7929-4ca3-b2e9-073fa39dc41c,851f89a3-861b-4e3c-bcc2-912e16b57a29,1.22,2.58,4.4,,,{},2025-11-03 16:21:14.253,2025-11-03 16:21:14.253,,,,,,
7dbae005-e377-4a8c-a61c-1128073115ed,61c9f297-9344-4acc-9899-4ea5ec23e251,1.31,2.44,10.66,,,{},2025-11-03 16:21:14.253,2025-11-03 16:21:14.253,,,,,,
44f2ecb6-df36-4575-abd2-f55ba6aa85ea,1e8f096e-c072-4778-b65b-707e009f7943,1.25,2.44,28.37,,,{},2025-11-03 16:21:14.253,2025-11-03 16:21:14.253,,,,,,
ce69f361-86c2-474a-88cb-8ec186eea27b,79ad4fdb-d085-41fa-9a3b-16fd47003dfc,1.33,2.58,20.97,,,{},2025-11-03 16:21:14.253,2025-11-03 16:21:14.253,,,,,,
90f182bb-8319-47d7-bf4b-b6bf1a3c35c1,9550f8d5-2420-43b5-a239-35e2ed192a3b,1.31,2.37,9.29,,,{},2025-11-03 16:21:14.253,2025-11-03 16:21:14.253,,,,,,
f52f47f9-50ae-4fb6-a507-c6e0166ab680,371acf9f-f628-4024-aa54-c80698b76339,1.32,2.35,14.44,,,{},2025-11-03 16:21:14.253,2025-11-03 16:21:14.253,,,,,,
85efe1cb-185b-4c1c-8e7b-9f61b10a0606,8face7b0-67b4-4769-a641-f4d2f641e357,1.5,2.31,20.65,,,{},2025-11-03 16:21:14.253,2025-11-03 16:21:14.253,,,,,,
b14455c1-e120-4e45-abfe-0cdc079bb15c,d8b36eed-bfef-470f-b51f-1d324c5811cd,,2.47,9.82,GAMBAGA Inoussa,,{},2025-11-03 16:35:23.069,2025-11-03 16:35:23.069,,,MD-20251103-02,,,
1b2c363e-ee1d-4505-b629-b1e45dcf556a,276b7d10-c3ac-4f62-9cf2-b8b83d02cf34,,2.39,10.35,GAMBAGA Inoussa,,{},2025-11-03 16:35:23.122,2025-11-03 16:35:23.122,,,MD-20251103-02,,,
7be34e11-7ba7-4ab5-b513-b3a082e4e417,c3baea71-7feb-4834-a121-f727f015d113,,2.63,8.02,GAMBAGA Inoussa,,{},2025-11-03 16:35:23.124,2025-11-03 16:35:23.124,,,MD-20251103-02,,,
08724b6b-427e-4b2a-bc2a-78fc4f2c6246,dedf27e1-8227-4a13-ac75-6f5ac267fa58,,2.47,8.17,GAMBAGA Inoussa,,{},2025-11-03 16:35:23.126,2025-11-03 16:35:23.126,,,MD-20251103-02,,,
daab91c8-ae85-4aeb-815d-ac5263e7cd34,3bff94ba-b4a6-4fca-9ab1-556089e46a85,,2.51,7.52,GAMBAGA Inoussa,,{},2025-11-03 16:35:23.128,2025-11-03 16:35:23.128,,,MD-20251103-02,,,
0f38da17-bef9-464b-a23f-b517520805c1,69379d15-7072-4bd1-b4ca-a059a8dc4499,,2.57,6.21,GAMBAGA Inoussa,,{},2025-11-03 16:35:23.130,2025-11-03 16:35:23.130,,,MD-20251103-02,,,
4587d4e2-483a-4588-a374-7b1726a6246a,78374375-18cb-4e21-abbf-3b1993bd2bc1,,2.63,9.69,NICABOU Ninsao Vianney,,{},2025-11-03 16:37:01.480,2025-11-03 16:37:01.480,,,MD-20251103-03,,,
7d9d601b-6f79-4d95-a1d7-3dc176184a39,6b3a2d3e-6fbb-4afc-861f-6bc4f1306ca8,,2.604,8.57,NICABOU Ninsao Vianney,,{},2025-11-03 16:37:01.495,2025-11-03 16:37:01.495,,,MD-20251103-03,,,
01764bd8-22a1-4064-94cb-985db6d45e01,bd9d8c2a-189b-4ffa-800d-0e82a56048c7,,2.625,9.41,NICABOU Ninsao Vianney,,{},2025-11-03 16:37:01.498,2025-11-03 16:37:01.498,,,MD-20251103-03,,,
90d58565-6c0a-4344-ba20-aa78a99bebd4,4f9ef790-d346-4e45-bc63-262aa64497e4,,2.48,8.8,,,{},2025-11-03 17:26:31.413,2025-11-03 17:26:31.413,,,MD-20251103-AGTCHESSI,,,
092159c5-3999-4181-bc46-5eb1fe373d5d,5441d542-b60a-4920-926e-cecbe26932f5,,2.51,9.94,,,{},2025-11-03 17:26:31.413,2025-11-03 17:26:31.413,,,MD-20251103-AGTCHESSI,,,
1db14c71-3916-46d6-9e9f-1821a9efd645,66e5a64f-7431-4288-91ea-45dafef6d389,,2.34,13.25,,,{},2025-11-03 17:26:31.413,2025-11-03 17:26:31.413,,,MD-20251103-AGTCHESSI,,,
2ff6e24b-a052-4525-8284-cfc23b52b741,2a014fb1-a1f5-4597-8282-03b30e7ce1e6,,2.42,2.77,,,{},2025-11-03 17:26:31.413,2025-11-03 17:26:31.413,,,MD-20251103-AGTCHESSI,,,
1047f02a-224b-4b00-ac27-e4dcb0ef66a3,2db932c7-6729-4285-8dbe-6df8595b56cc,,2.12,3.59,,,{},2025-11-03 17:26:31.413,2025-11-03 17:26:31.413,,,MD-20251103-AGTCHESSI,,,
3fb9b06b-dba8-44de-b60f-487c7ca5b9f7,e92030ab-4c81-4558-a3fe-48efdd5c1aeb,,2.04,3.52,,,{},2025-11-03 17:26:31.413,2025-11-03 17:26:31.413,,,MD-20251103-AGTCHESSI,,,
7a23111d-4a31-49ac-99ba-4dbdbd41244f,e0543f77-4c26-4822-ac8e-2fd93e709545,,2.53,3.58,,,{},2025-11-03 17:26:31.413,2025-11-03 17:26:31.413,,,MD-20251103-AGTCHESSI,,,
753eec7e-c518-4427-9d34-c9567b50a398,eeb59894-6655-4eee-9b0b-2379b7fe4bb5,,2.56,2.07,,,{},2025-11-03 17:26:31.413,2025-11-03 17:26:31.413,,,MD-20251103-AGTCHESSI,,,
142dcbf3-6f7b-4854-b96b-cb0ef7c66361,23aa5ba7-f918-48a8-a1f7-2856865cd3b8,,2.3,5.004,,,{},2025-11-03 17:26:31.413,2025-11-03 17:26:31.413,,,MD-20251103-AGTCHESSI,,,
f00664c1-2b7c-4ecd-993f-56f969372f26,c2f0f07b-8ba6-4008-95d8-d726e52785f1,,2.53,18.7,,,{},2025-11-03 17:33:59.160,2025-11-03 17:33:59.160,,,MD-20251103-AKONDOR,,,
9e6d755e-837f-4efd-8192-1bfa6e72abc3,f0973bd4-00cc-45b8-a236-af34c060b894,,2.6,6.09,,,{},2025-11-03 17:33:59.160,2025-11-03 17:33:59.160,,,MD-20251103-AKONDOR,,,
cd76bbc7-6640-4c02-ac87-c936ce84697c,5af45af6-abce-4b28-a978-9c7a5590cdb4,,2.63,9.17,,,{},2025-11-03 17:33:59.160,2025-11-03 17:33:59.160,,,MD-20251103-AKONDOR,,,
47a996d3-ed43-4075-9d64-6a0ce5200bfe,b7d25783-10e7-4e9f-a1c9-57b12c2f65cc,,2.63,5.24,,,{},2025-11-03 17:33:59.160,2025-11-03 17:33:59.160,,,MD-20251103-AKONDOR,,,
0b712654-feed-4d7f-9ada-84d1cd23b065,97b44f87-0582-412e-9874-b0d5601de1a8,,2.62,5.84,,,{},2025-11-03 17:33:59.160,2025-11-03 17:33:59.160,,,MD-20251103-AKONDOR,,,
0e5e7698-e077-427d-aa26-cbcdafc098ab,2824ddf6-b1d4-4948-bce1-9c09535b3872,,2.62,3.3,,,{},2025-11-03 17:33:59.160,2025-11-03 17:33:59.160,,,MD-20251103-AKONDOR,,,
9841cc63-c75d-4372-9f91-a95827472422,5bc20f01-c05c-4a72-aac0-c28bd28bb816,,2.17,8.09,,,{},2025-11-03 17:38:37.592,2025-11-03 17:38:37.592,,,MD-20251103-ANYO,,,
fb25c516-ec1a-4a11-bc46-2250c4c8f3f6,e1a5bb6b-ec3e-476a-b53c-9f0db4384460,,2.27,7.88,,,{},2025-11-03 17:38:37.592,2025-11-03 17:38:37.592,,,MD-20251103-ANYO,,,
e9940807-cd9b-4f2a-a1df-cadf814708b5,247510ce-a956-4d0f-b9da-bebfa80fd224,,2.18,7.25,,,{},2025-11-03 17:38:37.592,2025-11-03 17:38:37.592,,,MD-20251103-ANYO,,,
e1388c95-de92-47e8-8b0f-5a3157260c00,5e8be3d3-ff64-4338-b937-c1d85c14aa53,,2.59,7.3,,,{},2025-11-03 17:38:37.592,2025-11-03 17:38:37.592,,,MD-20251103-ANYO,,,
ed324691-bca7-4a73-823b-5456938d0f25,727872cf-2143-4801-940c-8024c3ad148a,,2.57,8.17,,,{},2025-11-03 17:38:37.592,2025-11-03 17:38:37.592,,,MD-20251103-ANYO,,,
14d29265-d178-48fd-9f4e-1d9b0068ded3,a2806b4d-b7bb-4e7e-91e8-862c49b68835,,2.6,8.48,,,{},2025-11-03 17:38:37.592,2025-11-03 17:38:37.592,,,MD-20251103-ANYO,,,
21c15afc-fe55-42dc-95b6-3ba8f502aed1,5c0c14d1-ed7b-4249-ab1a-d49e66ee2ce6,,2.27,13.79,,,{},2025-11-03 17:38:37.592,2025-11-03 17:38:37.592,,,MD-20251103-ANYO,,,
7e14dd40-eaa4-48c7-8eb2-55695feeca95,561ef4cc-5e41-4c9b-a28e-c15021edfa2c,,2.4,4.39,,,{},2025-11-03 17:38:37.592,2025-11-03 17:38:37.592,,,MD-20251103-ANYO,,,
5cb4adc6-0b0d-419f-b7d0-c18531ed7960,68659f21-7b5b-4e43-b110-90e1d62f7631,,2.47,2.46,,,{},2025-11-03 17:38:37.592,2025-11-03 17:38:37.592,,,MD-20251103-ANYO,,,
35ca3fff-896e-4e36-a437-4fed248630c3,bc4b0c29-be0a-4b4d-bf52-8a4c6c260e64,,2.46,18.52,,,{},2025-11-03 17:56:38.794,2025-11-03 17:56:38.794,,,MD-20251103-NGOAPO,,,
0802e462-41c2-41ef-84fc-535a493b0478,909965e3-806a-4259-ba0f-0a06874992e3,,2.32,11.66,,,{},2025-11-03 17:56:38.794,2025-11-03 17:56:38.794,,,MD-20251103-NGOAPO,,,
4a958f0c-29de-43c9-b05c-b4633234cb3b,7d9d4b35-f13f-4aea-b964-f695d8a0da12,,2.6,5.89,,,{},2025-11-03 17:56:38.794,2025-11-03 17:56:38.794,,,MD-20251103-NGOAPO,,,
84655b6b-e37d-40d9-8b28-14af17ac0be1,015eba1c-1a6a-412c-ad52-57795712f49a,,2.44,4.59,,,{},2025-11-03 17:56:38.794,2025-11-03 17:56:38.794,,,MD-20251103-NGOAPO,,,
7b4be367-87db-4102-a0d7-a770a45fcf38,70af2729-9913-4a60-8096-01df5947d1cb,,2.47,4.26,,,{},2025-11-03 17:56:38.794,2025-11-03 17:56:38.794,,,MD-20251103-NGOAPO,,,
4fa06583-cfc2-43b8-808a-79bb9f443e18,d9e3efb5-7f7f-45bf-8aee-71b32aa58807,,2.34,10.14,,,{},2025-11-03 17:56:38.794,2025-11-03 17:56:38.794,,,MD-20251103-NGOAPO,,,
4c309351-abc6-45c0-a73b-13a9875aef58,6b046e67-2018-486b-93df-291f3f573467,,2.56,5,,,{},2025-11-03 18:00:21.401,2025-11-03 18:00:21.401,,,MD-20251103-OUDJABITI,,,
55497c82-9639-4708-a0ed-062d70b11eeb,6655c66a-4542-468f-9b4b-5aa3ed12d74c,,2.31,5,,,{},2025-11-03 18:00:21.401,2025-11-03 18:00:21.401,,,MD-20251103-OUDJABITI,,,
4d3c5da2-e9c0-4472-a2f7-f56f6fd920b3,92cc68be-dd55-414b-ae0f-eadd3e541454,,2.73,4,,,{},2025-11-03 18:00:21.401,2025-11-03 18:00:21.401,,,MD-20251103-OUDJABITI,,,
95405d76-de08-4ef6-b60e-b8913417329d,f3516a5a-5129-4ffe-87e5-665c36d7a38f,,2.49,4,,,{},2025-11-03 18:00:21.401,2025-11-03 18:00:21.401,,,MD-20251103-OUDJABITI,,,
a761354e-29e9-4b01-990f-47ab3b40ae2a,de32c411-d7a8-4f96-86fd-084f4164c7ef,,2.49,4,,,{},2025-11-03 18:00:21.401,2025-11-03 18:00:21.401,,,MD-20251103-OUDJABITI,,,
43755e45-1c18-4b32-a1fc-0b91d96f6657,43766d56-01f9-460c-b939-35d81d904c55,,2.44,7,,,{},2025-11-03 18:00:21.401,2025-11-03 18:00:21.401,,,MD-20251103-OUDJABITI,,,
c3ee64f4-074f-4bb7-97fe-f7ff38d06f47,b744e8c0-8d62-4335-8c63-3d34ed4b9158,,,3.865,,,{},2025-11-03 18:02:07.196,2025-11-03 18:02:07.196,,,MD-20251103-SOGLO,,,
a5774eea-ba04-4aca-84fb-0cf4a6c7968d,729db7be-950a-44cd-a6a5-c03bf0402580,,,8.777,,,{},2025-11-03 18:02:07.196,2025-11-03 18:02:07.196,,,MD-20251103-SOGLO,,,
719a104d-6d75-4327-b13f-7448b499868d,d2a8448a-7338-410d-ab76-be9a9273b167,,,8.829,,,{},2025-11-03 18:02:07.196,2025-11-03 18:02:07.196,,,MD-20251103-SOGLO,,,
aae2cd30-9962-4aa1-a4d5-394837618b96,afc95b34-458e-4551-a73e-eba6e2dc4f3e,,,3.603,,,{},2025-11-03 18:02:07.196,2025-11-03 18:02:07.196,,,MD-20251103-SOGLO,,,
2da3b4f0-586b-4090-970d-237cae57b676,6d9197d5-69b6-4a60-a901-31e5fa755d51,,,4.286,,,{},2025-11-03 18:02:07.196,2025-11-03 18:02:07.196,,,MD-20251103-SOGLO,,,
47cfc18e-66d4-46a4-925d-0dd654b87df4,cf869d4d-0b69-49d5-a19f-1fbea0b366de,,,6.147,,,{},2025-11-03 18:02:07.196,2025-11-03 18:02:07.196,,,MD-20251103-SOGLO,,,
2f623045-177f-4aff-9ac6-5af065300d11,0507ee16-7182-4a51-9960-2d398bd9287c,,,3.856,,,{},2025-11-03 18:02:07.196,2025-11-03 18:02:07.196,,,MD-20251103-SOGLO,,,
9b30d6aa-a927-461e-8555-0b2a700df2e3,1f0712a5-7ada-4cea-9397-31ccab2e1ff6,,,3.246,,,{},2025-11-03 18:02:07.196,2025-11-03 18:02:07.196,,,MD-20251103-SOGLO,,,
e495e957-8397-43de-b913-2eeef8371258,ec6f4d97-a23f-42c0-ae27-752fbfaea1b9,,,5.85,,,{},2025-11-03 18:02:07.196,2025-11-03 18:02:07.196,,,MD-20251103-SOGLO,,,
e1a5321e-615e-4f57-9ca5-f1819c8d9ce0,2cc089bd-69a7-4f6f-a135-f68167fadf6d,,,59.005,,,{},2025-11-03 18:02:07.196,2025-11-03 18:02:07.196,,,MD-20251103-SOGLO,,,
32681d8c-4cd5-4daf-85ab-275b5e83afed,2bc0d017-5e9d-4d5d-a16e-f188a432e4eb,,,9.374,,,{},2025-11-03 18:02:07.196,2025-11-03 18:02:07.196,,,MD-20251103-SOGLO,,,
8a9ba819-3c08-46f5-bf42-902790d69297,6b18e9b8-c2dd-4cbc-8552-7f94356ae65e,,,8.445,,,{},2025-11-03 18:02:07.196,2025-11-03 18:02:07.196,,,MD-20251103-SOGLO,,,
