id,sondage_id,depth_m,passant_80um,passant_2mm,passant_20mm,wl,wp,ip,vbs,gamma_d_max,w_opt,proctor_type,eg,test_date,laboratory,norm,meta,created_at,created_by,updated_at,updated_by,created_by_batch,updated_by_batch,deleted_by_batch,deleted_at
e9a11a5e-86b8-4006-aca6-9fa90a4c4813,8af1bad4-0fb4-4950-933f-0c64483e068a,1,,,,53,23,30,4.02,,,,,,,,{},2025-11-03 15:53:55.060,,,,,,,
bb21331e-1564-455e-ae57-ea52b96d7d3a,8af1bad4-0fb4-4950-933f-0c64483e068a,1.5,,,,48,21,27,3.61,,,,,,,,{},2025-11-03 15:53:55.060,,,,,,,
851f89a3-861b-4e3c-bcc2-912e16b57a29,8af1bad4-0fb4-4950-933f-0c64483e068a,2,,,,51,22,29,1.22,,,,,,,,{},2025-11-03 15:53:55.060,,,,,,,
61c9f297-9344-4acc-9899-4ea5ec23e251,4920ed1a-5697-4775-8963-98effa2614f8,1,,,,24,12,12,1.83,,,,,,,,{},2025-11-03 15:53:55.166,,,,,,,
1e8f096e-c072-4778-b65b-707e009f7943,4920ed1a-5697-4775-8963-98effa2614f8,1.5,,,,41,19,22,3.82,,,,,,,,{},2025-11-03 15:53:55.166,,,,,,,
79ad4fdb-d085-41fa-9a3b-16fd47003dfc,4920ed1a-5697-4775-8963-98effa2614f8,2,,,,42,22,20,2.64,,,,,,,,{},2025-11-03 15:53:55.166,,,,,,,
9550f8d5-2420-43b5-a239-35e2ed192a3b,f9736dfe-7027-444c-8ff7-9c802d055585,1,,,,49,18,31,4.6,,,,,,,,{},2025-11-03 15:53:55.170,,,,,,,
371acf9f-f628-4024-aa54-c80698b76339,f9736dfe-7027-444c-8ff7-9c802d055585,1.5,,,,53,18,35,4.03,,,,,,,,{},2025-11-03 15:53:55.170,,,,,,,
8face7b0-67b4-4769-a641-f4d2f641e357,f9736dfe-7027-444c-8ff7-9c802d055585,2,,,,51,17,34,5.03,,,,,,,,{},2025-11-03 15:53:55.170,,,,,,,
3542c298-6f20-405e-8e58-b975685a8a81,2c9a3c4e-316c-4fd5-b65e-20f815e0e865,1,,,,,,,,,,,,,,,"{'reference': 2.0, 'profondeursm': 1.0}",2025-11-03 16:20:04.011,,,,,,,
22727cbe-043c-4470-a425-a1a54f783134,9028feef-b123-4e3b-bc64-bf34bec9a2b7,1.5,,,,,,,,,,,,,,,{'profondeursm': 1.5},2025-11-03 16:20:04.049,,,,,,,
9a3b113e-75c3-49ab-b0db-f5f5fafa6616,454c8a62-7a49-4cf6-802c-ff25b5d4f442,2,,,,,,,,,,,,,,,{'profondeursm': 2.0},2025-11-03 16:20:04.053,,,,,,,
2af2c178-bc1d-410f-ba50-ec546ca0c2db,02a14bdf-d12f-4ddd-8185-c64e8eb60d80,1.5,,,,,,,,,,,,,,,{'profondeursm': 1.5},2025-11-03 16:20:04.057,,,,,,,
75ab2553-9f1a-4b35-8c9b-8a5b4c648473,9d464165-4c38-4bdd-a0c9-d0cded49c4c8,2,,,,,,,,,,,,,,,{'profondeursm': 2.0},2025-11-03 16:20:04.060,,,,,,,
d8b36eed-bfef-470f-b51f-1d324c5811cd,bdf99a8c-9406-4865-8411-9603b7a51612,1,,,,57.57,25.06,32.51,7.31,,,,,,,,"{'ip': 32.51, 'is': 0.171, 'reference': 1.0, 'profondeur': 1.0, 'profondeurm': 1.0, 'profondeursm': 1.0, 'teneur_en_eau': 9.82}",2025-11-03 16:20:04.067,,,,,,,
276b7d10-c3ac-4f62-9cf2-b8b83d02cf34,bdf99a8c-9406-4865-8411-9603b7a51612,1.5,,,,42.95,29.96,12.99,6.28,,,,,,,,"{'ip': 12.99, 'is': 0.241, 'reference': 1.0, 'profondeur': 1.5, 'profondeursm': 1.5, 'teneur_en_eau': 10.35}",2025-11-03 16:20:04.069,,,,,,,
c3baea71-7feb-4834-a121-f727f015d113,bdf99a8c-9406-4865-8411-9603b7a51612,2,,,,32.46,23.83,8.63,4.69,,,,,,,,"{'ip': 8.63, 'is': 0.247, 'reference': 1.0, 'profondeur': 2.0, 'profondeursm': 2.0, 'teneur_en_eau': 8.02}",2025-11-03 16:20:04.071,,,,,,,
dedf27e1-8227-4a13-ac75-6f5ac267fa58,49273759-d40a-4a8d-8220-7699a0a27b99,1,,,,39.6,16.66,22.94,4.4,,,,,,,,"{'ip': 22.94, 'is': 0.206, 'reference': 2.0, 'profondeur': 1.0, 'profondeurm': 1.0, 'profondeursm': 1.0, 'teneur_en_eau': 8.17}",2025-11-03 16:20:04.074,,,,,,,
3bff94ba-b4a6-4fca-9ab1-556089e46a85,49273759-d40a-4a8d-8220-7699a0a27b99,1.5,,,,33.47,16.09,17.38,3.98,,,,,,,,"{'ip': 17.38, 'is': 0.225, 'reference': 2.0, 'profondeur': 1.5, 'profondeursm': 1.5, 'teneur_en_eau': 7.52}",2025-11-03 16:20:04.076,,,,,,,
69379d15-7072-4bd1-b4ca-a059a8dc4499,49273759-d40a-4a8d-8220-7699a0a27b99,2,,,,24.24,16.22,8.02,2.48,,,,,,,,"{'ip': 8.02, 'is': 0.256, 'reference': 2.0, 'profondeur': 2.0, 'profondeursm': 2.0, 'teneur_en_eau': 6.21}",2025-11-03 16:20:04.077,,,,,,,
41561e22-b925-4d01-9c67-38a45bee9ff3,3aaa5e46-7232-418a-b94a-3fa06c4d9b18,1,,,,,,,2,,,,,,,,"{'reference': 1.0, 'profondeurs': 1.0}",2025-11-03 16:20:22.551,,,,,,,
8b0319af-5b03-43ed-9415-07d3d75ae2ca,3aaa5e46-7232-418a-b94a-3fa06c4d9b18,1.5,,,,,,,3.33,,,,,,,,"{'reference': 1.0, 'profondeurs': 1.5}",2025-11-03 16:20:22.573,,,,,,,
3201208d-8ac9-4465-8bcf-739aebaf7ac6,3aaa5e46-7232-418a-b94a-3fa06c4d9b18,2,,,,,,,3.33,,,,,,,,"{'reference': 1.0, 'profondeurs': 2.0}",2025-11-03 16:20:22.576,,,,,,,
fa7d5936-e72e-47cd-9034-4031379ae9aa,926336bf-2802-434c-bd04-84efe9f7961c,1,,,,,,,3.33,,,,,,,,"{'reference': 2.0, 'profondeurs': 1.0}",2025-11-03 16:20:22.579,,,,,,,
ce13f3cb-2857-4935-aee5-59c1cc55dd01,926336bf-2802-434c-bd04-84efe9f7961c,1.5,,,,,,,3.33,,,,,,,,"{'reference': 2.0, 'profondeurs': 1.5}",2025-11-03 16:20:22.581,,,,,,,
4eaca8be-68ce-4ac3-b924-59677a3f4563,926336bf-2802-434c-bd04-84efe9f7961c,2,,,,,,,4,,,,,,,,"{'reference': 2.0, 'profondeurs': 2.0}",2025-11-03 16:20:22.582,,,,,,,
78374375-18cb-4e21-abbf-3b1993bd2bc1,d108307d-210c-4da9-a654-2be0826e6c5e,1,,,,,,,2,,,,,,,,"{'reference': 3.0, 'profondeurs': 1.0}",2025-11-03 16:20:22.586,,,,,,,
6b3a2d3e-6fbb-4afc-861f-6bc4f1306ca8,d108307d-210c-4da9-a654-2be0826e6c5e,1.5,,,,,,,2,,,,,,,,"{'reference': 3.0, 'profondeurs': 1.5}",2025-11-03 16:20:22.588,,,,,,,
bd9d8c2a-189b-4ffa-800d-0e82a56048c7,d108307d-210c-4da9-a654-2be0826e6c5e,2,,,,,,,2.33,,,,,,,,"{'reference': 3.0, 'profondeurs': 2.0}",2025-11-03 16:20:22.589,,,,,,,
bd1a3048-0aa1-4f1a-adc2-7e5948be1153,34f1dd74-885a-49dc-b037-a4129d4d5916,1,,,,,,,,,,,,,,,{},2025-11-03 16:53:54.794,,,,,,,
396379e3-b502-46f6-a313-d36458b9e244,34f1dd74-885a-49dc-b037-a4129d4d5916,1.5,,,,,,,,,,,,,,,{},2025-11-03 16:53:54.794,,,,,,,
df0de0d4-acfb-4ed0-b391-724428495992,34f1dd74-885a-49dc-b037-a4129d4d5916,2,,,,,,,,,,,,,,,{},2025-11-03 16:53:54.794,,,,,,,
172d4ad2-4e80-4560-b830-f04159cb959d,55961997-30e9-4940-801f-b7a6f22b2e88,1,,,,,,,,,,,,,,,{},2025-11-03 16:53:54.794,,,,,,,
bfe7bd69-f60b-464a-b054-941740869ad0,55961997-30e9-4940-801f-b7a6f22b2e88,1.5,,,,,,,,,,,,,,,{},2025-11-03 16:53:54.794,,,,,,,
35d2f3d1-ba08-4068-b608-eba66219de2d,55961997-30e9-4940-801f-b7a6f22b2e88,2,,,,,,,,,,,,,,,{},2025-11-03 16:53:54.794,,,,,,,
91dd4d37-3fa8-42b5-b1e5-257719582bb5,bf4471ce-e2c8-4433-87f9-e9e958cee84a,1,,,,,,,,,,,,,,,{},2025-11-03 16:53:54.794,,,,,,,
8bd2c153-ae62-4df1-8cbd-9d1ac1ae13f6,bf4471ce-e2c8-4433-87f9-e9e958cee84a,1.5,,,,,,,,,,,,,,,{},2025-11-03 16:53:54.794,,,,,,,
079ce9ef-ec22-449f-8300-a36347c0beed,bf4471ce-e2c8-4433-87f9-e9e958cee84a,2,,,,,,,,,,,,,,,{},2025-11-03 16:53:54.794,,,,,,,
4f9ef790-d346-4e45-bc63-262aa64497e4,ae214071-b92e-460e-bf05-970095a2246b,1,,,,32.88,10.94,21.94,4.49,,,,,,,,{},2025-11-03 17:26:31.413,,,,MD-20251103-AGTCHESSI,,,
5441d542-b60a-4920-926e-cecbe26932f5,ae214071-b92e-460e-bf05-970095a2246b,1.5,,,,36.53,11.82,24.71,3.12,,,,,,,,{},2025-11-03 17:26:31.413,,,,MD-20251103-AGTCHESSI,,,
66e5a64f-7431-4288-91ea-45dafef6d389,ae214071-b92e-460e-bf05-970095a2246b,2,,,,55.27,15.85,39.42,3.83,,,,,,,,{},2025-11-03 17:26:31.413,,,,MD-20251103-AGTCHESSI,,,
2a014fb1-a1f5-4597-8282-03b30e7ce1e6,d0992a6a-6cf3-4399-90eb-2126770dfe5d,1,,,,44.32,26.64,17.68,8.75,,,,,,,,{},2025-11-03 17:26:31.413,,,,MD-20251103-AGTCHESSI,,,
2db932c7-6729-4285-8dbe-6df8595b56cc,d0992a6a-6cf3-4399-90eb-2126770dfe5d,1.5,,,,35.18,20.58,14.6,9.74,,,,,,,,{},2025-11-03 17:26:31.413,,,,MD-20251103-AGTCHESSI,,,
e92030ab-4c81-4558-a3fe-48efdd5c1aeb,d0992a6a-6cf3-4399-90eb-2126770dfe5d,2,,,,42.01,35.16,6.85,9.28,,,,,,,,{},2025-11-03 17:26:31.413,,,,MD-20251103-AGTCHESSI,,,
e0543f77-4c26-4822-ac8e-2fd93e709545,88b85a6d-373d-4458-a903-16f2fd94b7c4,1,,,,21.67,11.39,10.28,4.51,,,,,,,,{},2025-11-03 17:26:31.413,,,,MD-20251103-AGTCHESSI,,,
eeb59894-6655-4eee-9b0b-2379b7fe4bb5,88b85a6d-373d-4458-a903-16f2fd94b7c4,1.5,,,,28.03,14.13,13.9,3.78,,,,,,,,{},2025-11-03 17:26:31.413,,,,MD-20251103-AGTCHESSI,,,
23aa5ba7-f918-48a8-a1f7-2856865cd3b8,88b85a6d-373d-4458-a903-16f2fd94b7c4,2,,,,34.36,16.27,18.09,7.78,,,,,,,,{},2025-11-03 17:26:31.413,,,,MD-20251103-AGTCHESSI,,,
7366ce68-5716-4615-9cd8-b61f06195f93,b04aa2c1-b89b-4581-9508-b62f580a9e6f,1,,,,,,,3,,,,,,,,{},2025-11-03 18:29:17.216,,,,MD-20251103-BLEU-3-7,,,
f1350c89-34ef-4afd-a687-6f992a35a7b2,b04aa2c1-b89b-4581-9508-b62f580a9e6f,1.5,,,,,,,2.5,,,,,,,,{},2025-11-03 18:29:17.216,,,,MD-20251103-BLEU-3-7,,,
b37b851e-1e27-4732-8160-bfee68a1df8e,b04aa2c1-b89b-4581-9508-b62f580a9e6f,2,,,,,,,2.73,,,,,,,,{},2025-11-03 18:29:17.216,,,,MD-20251103-BLEU-3-7,,,
ee3a47ed-5f4b-40f3-b301-a5927192c0f3,93e8bdeb-0dc6-4ba2-abd6-f1307ac29ea6,1,,,,,,,16.45,,,,,,,,{},2025-11-03 18:29:17.216,,,,MD-20251103-BLEU-3-7,,,
03c67286-b9a3-4b06-a41e-dbb08d735835,93e8bdeb-0dc6-4ba2-abd6-f1307ac29ea6,1.5,,,,,,,10.18,,,,,,,,{},2025-11-03 18:29:17.216,,,,MD-20251103-BLEU-3-7,,,
5bc20f01-c05c-4a72-aac0-c28bd28bb816,cf863ab4-17ab-4e43-85ba-b698780f00f9,1,,,,41.8,22,19.8,0.7,,,,,,,,{},2025-11-03 17:38:37.592,,,,MD-20251103-ANYO,,,
e1a5bb6b-ec3e-476a-b53c-9f0db4384460,cf863ab4-17ab-4e43-85ba-b698780f00f9,1.5,,,,43.39,23,20.39,0.79,,,,,,,,{},2025-11-03 17:38:37.592,,,,MD-20251103-ANYO,,,
247510ce-a956-4d0f-b9da-bebfa80fd224,cf863ab4-17ab-4e43-85ba-b698780f00f9,2,,,,40.91,22,18.91,0.78,,,,,,,,{},2025-11-03 17:38:37.592,,,,MD-20251103-ANYO,,,
1163de4f-c6a6-429b-bd1c-002dd011fb26,93e8bdeb-0dc6-4ba2-abd6-f1307ac29ea6,2,,,,,,,3.9,,,,,,,,{},2025-11-03 18:29:17.216,,,,MD-20251103-BLEU-3-7,,,
43160f6b-7a6c-4b07-a397-1ca0f7cd2304,fd1cea77-3afb-4e5c-b8f3-452fa3929bad,1,,,,,,,16.65,,,,,,,,{},2025-11-03 18:29:17.216,,,,MD-20251103-BLEU-3-7,,,
5e8be3d3-ff64-4338-b937-c1d85c14aa53,83c70be3-7cd0-4408-9e6e-e1511278bd63,1,,,,46.25,23.6,22.65,1.95,,,,,,,,{},2025-11-03 17:38:37.592,,,,MD-20251103-ANYO,,,
727872cf-2143-4801-940c-8024c3ad148a,83c70be3-7cd0-4408-9e6e-e1511278bd63,1.5,,,,44.49,19.8,24.69,1.93,,,,,,,,{},2025-11-03 17:38:37.592,,,,MD-20251103-ANYO,,,
a2806b4d-b7bb-4e7e-91e8-862c49b68835,83c70be3-7cd0-4408-9e6e-e1511278bd63,2,,,,41.64,19,22.64,1.87,,,,,,,,{},2025-11-03 17:38:37.592,,,,MD-20251103-ANYO,,,
9312454a-7f66-43f5-8d95-6da37c836e19,bad0dbc2-f0e4-4afb-bb9b-23541fe20169,1,,,,47.9,39.6,8.3,5.42,16.12,22.9,normal,,,,,"{'eg': 5.33, 'norm': 'NF P94-051', 'laboratory': 'Lab C - Sokodé', 'passant_2mm': 89.8, 'passant_20mm': 97.0, 'passant_80um': 80.3}",2025-11-03 17:52:16.630,,,,MD-20251103-NABIYOU,,,
bcecdda3-388f-4348-9844-b9320f8166f5,bad0dbc2-f0e4-4afb-bb9b-23541fe20169,3.4,,,,45.5,22.9,22.6,5.27,15.74,21.2,normal,,,,,"{'eg': 3.88, 'norm': 'NF P94-051', 'laboratory': 'Lab C - Sokodé', 'passant_2mm': 96.2, 'passant_20mm': 95.5, 'passant_80um': 85.4}",2025-11-03 17:52:16.630,,,,MD-20251103-NABIYOU,,,
0a105bf9-c10f-451b-839f-6e1a2994dc0d,bad0dbc2-f0e4-4afb-bb9b-23541fe20169,2,,,,40,14,26,5.03,,,,,,,,"{'note': ""Valeurs de l'Annexe"", 'source_sheet': 'Annexe'}",2025-11-03 17:52:16.630,,,,MD-20251103-NABIYOU,,,
bc4b0c29-be0a-4b4d-bf52-8a4c6c260e64,b3ab6d58-34e6-4135-a58e-9c6c58019a83,1,,,,61.5,23,38.5,7.29,,,,,,,,{},2025-11-03 17:56:38.794,,,,MD-20251103-NGOAPO,,,
909965e3-806a-4259-ba0f-0a06874992e3,b3ab6d58-34e6-4135-a58e-9c6c58019a83,1.5,,,,37,24,13,7.94,,,,,,,,{},2025-11-03 17:56:38.794,,,,MD-20251103-NGOAPO,,,
7d9d4b35-f13f-4aea-b964-f695d8a0da12,b3ab6d58-34e6-4135-a58e-9c6c58019a83,2,,,,34.5,22,12.5,6.84,,,,,,,,{},2025-11-03 17:56:38.794,,,,MD-20251103-NGOAPO,,,
015eba1c-1a6a-412c-ad52-57795712f49a,506b3bee-c324-4e05-9020-8efd3ccfc1ad,1,,,,26.33,18,8.33,6.8,,,,,,,,{},2025-11-03 17:56:38.794,,,,MD-20251103-NGOAPO,,,
70af2729-9913-4a60-8096-01df5947d1cb,506b3bee-c324-4e05-9020-8efd3ccfc1ad,1.5,,,,48.5,17,31.5,8.62,,,,,,,,{},2025-11-03 17:56:38.794,,,,MD-20251103-NGOAPO,,,
d9e3efb5-7f7f-45bf-8aee-71b32aa58807,506b3bee-c324-4e05-9020-8efd3ccfc1ad,2,,,,52,15,37,6.68,,,,,,,,{},2025-11-03 17:56:38.794,,,,MD-20251103-NGOAPO,,,
6b046e67-2018-486b-93df-291f3f573467,e33885cc-d442-4d1f-9e23-f75addeb007a,1,,,,30.64,17.81,12.83,1.02,,,,,,,,{},2025-11-03 18:00:21.401,,,,MD-20251103-OUDJABITI,,,
6655c66a-4542-468f-9b4b-5aa3ed12d74c,e33885cc-d442-4d1f-9e23-f75addeb007a,1.5,,,,34.91,16.08,18.83,1.04,,,,,,,,{},2025-11-03 18:00:21.401,,,,MD-20251103-OUDJABITI,,,
92cc68be-dd55-414b-ae0f-eadd3e541454,e33885cc-d442-4d1f-9e23-f75addeb007a,2,,,,37.44,17.14,20.3,2.71,,,,,,,,{},2025-11-03 18:00:21.401,,,,MD-20251103-OUDJABITI,,,
f3516a5a-5129-4ffe-87e5-665c36d7a38f,11e7bd31-9672-4f43-a01e-f94b9acffa7d,1,,,,35.03,11.94,23.09,4.23,,,,,,,,{},2025-11-03 18:00:21.401,,,,MD-20251103-OUDJABITI,,,
de32c411-d7a8-4f96-86fd-084f4164c7ef,11e7bd31-9672-4f43-a01e-f94b9acffa7d,1.5,,,,30.79,12.92,17.87,1.73,,,,,,,,{},2025-11-03 18:00:21.401,,,,MD-20251103-OUDJABITI,,,
43766d56-01f9-460c-b939-35d81d904c55,11e7bd31-9672-4f43-a01e-f94b9acffa7d,2,,,,27.14,11.72,15.42,1.67,,,,,,,,{},2025-11-03 18:00:21.401,,,,MD-20251103-OUDJABITI,,,
b744e8c0-8d62-4335-8c63-3d34ed4b9158,f9a4c485-7671-459b-91e0-e517c9c622b0,1,,,,23,10.48,12.52,0.99,,,,,,,,{},2025-11-03 18:02:07.196,,,,MD-20251103-SOGLO,,,
729db7be-950a-44cd-a6a5-c03bf0402580,f9a4c485-7671-459b-91e0-e517c9c622b0,1.5,,,,32,12.52,19.48,0.99,,,,,,,,{},2025-11-03 18:02:07.196,,,,MD-20251103-SOGLO,,,
d2a8448a-7338-410d-ab76-be9a9273b167,f9a4c485-7671-459b-91e0-e517c9c622b0,2,,,,31,19.56,11.44,0.97,,,,,,,,{},2025-11-03 18:02:07.196,,,,MD-20251103-SOGLO,,,
afc95b34-458e-4551-a73e-eba6e2dc4f3e,5ee60dc7-95b6-4c7c-b736-e4fabeb648bd,1,,,,27.8,12.89,14.91,1.44,,,,,,,,{},2025-11-03 18:02:07.196,,,,MD-20251103-SOGLO,,,
6d9197d5-69b6-4a60-a901-31e5fa755d51,5ee60dc7-95b6-4c7c-b736-e4fabeb648bd,1.5,,,,20.6,13.81,6.79,0.86,,,,,,,,{},2025-11-03 18:02:07.196,,,,MD-20251103-SOGLO,,,
cf869d4d-0b69-49d5-a19f-1fbea0b366de,5ee60dc7-95b6-4c7c-b736-e4fabeb648bd,2,,,,25,19.81,5.19,0.86,,,,,,,,{},2025-11-03 18:02:07.196,,,,MD-20251103-SOGLO,,,
0507ee16-7182-4a51-9960-2d398bd9287c,ed544e88-902b-4eaa-a7df-28c6d9fe4a96,1,,,,27.9,15.77,12.13,0.82,,,,,,,,{},2025-11-03 18:02:07.196,,,,MD-20251103-SOGLO,,,
1f0712a5-7ada-4cea-9397-31ccab2e1ff6,ed544e88-902b-4eaa-a7df-28c6d9fe4a96,1.5,,,,20.6,14.26,6.34,0.7,,,,,,,,{},2025-11-03 18:02:07.196,,,,MD-20251103-SOGLO,,,
ec6f4d97-a23f-42c0-ae27-752fbfaea1b9,ed544e88-902b-4eaa-a7df-28c6d9fe4a96,2,,,,28,15.96,12.04,0.87,,,,,,,,{},2025-11-03 18:02:07.196,,,,MD-20251103-SOGLO,,,
2cc089bd-69a7-4f6f-a135-f68167fadf6d,be14a4bc-54d9-4ef8-a863-a5360f544b32,1,,,,64,19.44,44.56,5.43,,,,,,,,{},2025-11-03 18:02:07.196,,,,MD-20251103-SOGLO,,,
2bc0d017-5e9d-4d5d-a16e-f188a432e4eb,be14a4bc-54d9-4ef8-a863-a5360f544b32,1.5,,,,47.2,27.92,19.28,1.45,,,,,,,,{},2025-11-03 18:02:07.196,,,,MD-20251103-SOGLO,,,
6b18e9b8-c2dd-4cbc-8552-7f94356ae65e,be14a4bc-54d9-4ef8-a863-a5360f544b32,2,,,,38.75,29.89,8.86,2.89,,,,,,,,{},2025-11-03 18:02:07.196,,,,MD-20251103-SOGLO,,,
740ab8e2-8def-495c-8523-30e45440531d,ddd58987-bc4f-4a32-b9fa-4ee12794cca2,0,,,,48,24,24,,21,8.6,normal,,,,,"{'note': 'gamma_d_max=2.1 g/cm3 = 21 kN/m3', 'los_angeles': 28.47, 'micro_deval': 15.63, 'equivalent_sable': 50}",2025-11-03 18:04:06.754,,,,MD-20251103-TCHALA,,,
c2f0f07b-8ba6-4008-95d8-d726e52785f1,a2763510-3deb-4e01-9301-f67416dea957,1,,,,61.56,24.11,37.45,16.65,,,,,,,,"{'vbs_source': 'bleu.xlsx', 'atterberg_source': 'limite.xlsx', 'wl_interpretation': 'Elevé', 'vbs_interpretation': 'Très forte'}",2025-11-03 17:33:59.160,,,,MD-20251103-AKONDOR,,,
f0973bd4-00cc-45b8-a236-af34c060b894,a2763510-3deb-4e01-9301-f67416dea957,1.5,,,,55.08,21.07,34.01,18.07,,,,,,,,"{'vbs_source': 'bleu.xlsx', 'atterberg_source': 'limite.xlsx', 'wl_interpretation': 'Elevé', 'vbs_interpretation': 'Très forte'}",2025-11-03 17:33:59.160,,,,MD-20251103-AKONDOR,,,
5af45af6-abce-4b28-a978-9c7a5590cdb4,a2763510-3deb-4e01-9301-f67416dea957,2,,,,54.19,17.5,36.69,9.47,,,,,,,,"{'vbs_source': 'bleu.xlsx', 'atterberg_source': 'limite.xlsx', 'wl_interpretation': 'Elevé', 'vbs_interpretation': 'Très forte'}",2025-11-03 17:33:59.160,,,,MD-20251103-AKONDOR,,,
b7d25783-10e7-4e9f-a1c9-57b12c2f65cc,0a9272ee-4a19-4b8d-9761-ef6ee46c9b25,1,,,,52.59,25.48,27.11,8,,,,,,,,"{'vbs_source': 'bleu.xlsx', 'atterberg_source': 'limite.xlsx', 'wl_interpretation': 'Elevé', 'vbs_interpretation': 'Forte/Moyen'}",2025-11-03 17:33:59.160,,,,MD-20251103-AKONDOR,,,
97b44f87-0582-412e-9874-b0d5601de1a8,0a9272ee-4a19-4b8d-9761-ef6ee46c9b25,1.5,,,,53.48,24.23,29.25,4.8,,,,,,,,"{'vbs_source': 'bleu.xlsx', 'atterberg_source': 'limite.xlsx', 'wl_interpretation': 'Elevé', 'vbs_interpretation': 'Forte/Moyen'}",2025-11-03 17:33:59.160,,,,MD-20251103-AKONDOR,,,
2ac7c190-20b5-40fc-a0e8-6f6bd65f6a42,fd1cea77-3afb-4e5c-b8f3-452fa3929bad,1.5,,,,,,,18.07,,,,,,,,{},2025-11-03 18:29:17.216,,,,MD-20251103-BLEU-3-7,,,
5f0e1b50-feef-481f-aa27-c479b50afaf4,fd1cea77-3afb-4e5c-b8f3-452fa3929bad,2,,,,,,,9.47,,,,,,,,{},2025-11-03 18:29:17.216,,,,MD-20251103-BLEU-3-7,,,
0788378b-7200-47ea-8b0c-b6756cb5b267,a4e1e56a-adc1-4e97-a96a-22ec5ca27740,1,,,,,,,8.46,,,,,,,,{},2025-11-03 18:29:17.216,,,,MD-20251103-BLEU-3-7,,,
9936d29f-1cad-4784-85c8-31501b42fd04,a4e1e56a-adc1-4e97-a96a-22ec5ca27740,1.5,,,,,,,7.57,,,,,,,,{},2025-11-03 18:29:17.216,,,,MD-20251103-BLEU-3-7,,,
e8545236-8715-4e93-93d2-56a0f4c64501,a4e1e56a-adc1-4e97-a96a-22ec5ca27740,2,,,,,,,10.67,,,,,,,,{},2025-11-03 18:29:17.216,,,,MD-20251103-BLEU-3-7,,,
2906cddb-a0a3-4f91-ac53-442c9af45040,8b8eb5fd-dae7-4db9-a014-da542c021c05,1,,,,,,,6.69,,,,,,,,{},2025-11-03 18:29:17.216,,,,MD-20251103-BLEU-3-7,,,
61b9b4b1-966b-427a-afec-1bc2b6330f26,8b8eb5fd-dae7-4db9-a014-da542c021c05,1.5,,,,,,,10.66,,,,,,,,{},2025-11-03 18:29:17.216,,,,MD-20251103-BLEU-3-7,,,
6ef15e56-63ea-40ca-b15b-9e0673a5188d,8b8eb5fd-dae7-4db9-a014-da542c021c05,2,,,,,,,19.92,,,,,,,,{},2025-11-03 18:29:17.216,,,,MD-20251103-BLEU-3-7,,,
319c2024-210d-4a32-8975-1d7118b85556,2d780cec-7826-47eb-ac7a-2b5b383928c0,1,,,,,,,4.83,,,,,,,,{},2025-11-03 18:29:17.216,,,,MD-20251103-BLEU-3-7,,,
8dfe192d-5fcc-46f0-8e05-2dcae631e109,2d780cec-7826-47eb-ac7a-2b5b383928c0,1.5,,,,,,,15.48,,,,,,,,{},2025-11-03 18:29:17.216,,,,MD-20251103-BLEU-3-7,,,
f675f89d-1354-4933-aa04-1d312481ef88,2d780cec-7826-47eb-ac7a-2b5b383928c0,2,,,,,,,20,,,,,,,,"{'note': 'Valeur plafonnée à 20 (contrainte DB)', 'vbs_original': 28.86}",2025-11-03 18:29:17.216,,,,MD-20251103-BLEU-3-7,,,
5d696390-7797-4554-a6fd-d6b961b49cfb,0782847d-a0cc-42b8-97e5-6a4398b60d83,1,,,,,,,10.9,,,,,,,,{},2025-11-03 18:29:17.216,,,,MD-20251103-BLEU-3-7,,,
3c657f8d-da7a-46f2-8e4c-d58574bb3b95,0782847d-a0cc-42b8-97e5-6a4398b60d83,1.5,,,,,,,13.95,,,,,,,,{},2025-11-03 18:29:17.216,,,,MD-20251103-BLEU-3-7,,,
2824ddf6-b1d4-4948-bce1-9c09535b3872,0a9272ee-4a19-4b8d-9761-ef6ee46c9b25,2,,,,52.01,21.5,30.51,7.33,,,,,,,,"{'vbs_source': 'bleu.xlsx', 'atterberg_source': 'limite.xlsx', 'wl_interpretation': 'Elevé', 'vbs_interpretation': 'Forte/Moyen'}",2025-11-03 17:33:59.160,,,,MD-20251103-AKONDOR,,,
5c0c14d1-ed7b-4249-ab1a-d49e66ee2ce6,47cf531a-a9d5-4073-95bd-a8a91b2fb77f,1,,,,69.96,37,32.96,5.71,,,,,,,,"{'vbs_source': 'bleu.xlsx', 'atterberg_source': 'limite.xlsx', 'wl_interpretation': 'Elevé/Moyen', 'vbs_interpretation': 'Moyen/Forte'}",2025-11-03 17:38:37.592,,,,MD-20251103-ANYO,,,
561ef4cc-5e41-4c9b-a28e-c15021edfa2c,47cf531a-a9d5-4073-95bd-a8a91b2fb77f,1.5,,,,37.74,19,18.74,6.96,,,,,,,,"{'vbs_source': 'bleu.xlsx', 'atterberg_source': 'limite.xlsx', 'wl_interpretation': 'Elevé/Moyen', 'vbs_interpretation': 'Moyen/Forte'}",2025-11-03 17:38:37.592,,,,MD-20251103-ANYO,,,
68659f21-7b5b-4e43-b110-90e1d62f7631,47cf531a-a9d5-4073-95bd-a8a91b2fb77f,2,,,,46.5,31,15.5,7.79,,,,,,,,"{'vbs_source': 'bleu.xlsx', 'atterberg_source': 'limite.xlsx', 'wl_interpretation': 'Elevé/Moyen', 'vbs_interpretation': 'Moyen/Forte'}",2025-11-03 17:38:37.592,,,,MD-20251103-ANYO,,,
1e81a387-2170-4899-ae85-665800745653,f07f4613-748c-4896-84f0-eb7456311131,1,,,,50.34,22.64,27.7,,,,,,,,,{},2025-11-03 18:11:42.358,,,,MD-20251103-LIMITE-COMPLET,,,
c8ec9f93-f3cb-40dc-a9f6-3b0269d99f8b,f07f4613-748c-4896-84f0-eb7456311131,1.5,,,,65.68,36.64,29.04,,,,,,,,,{},2025-11-03 18:11:42.358,,,,MD-20251103-LIMITE-COMPLET,,,
fcb1df9a-b624-4bf3-8218-c7acd00b9445,f07f4613-748c-4896-84f0-eb7456311131,2,,,,58.42,24.61,33.81,,,,,,,,,{},2025-11-03 18:11:42.358,,,,MD-20251103-LIMITE-COMPLET,,,
de8602c7-040c-45aa-9ca7-8c8e73f66a14,428e3142-2ab4-4eec-be6b-3da56fd91bad,1,,,,48.65,19.11,29.54,,,,,,,,,{},2025-11-03 18:11:42.358,,,,MD-20251103-LIMITE-COMPLET,,,
3d0b15bd-d566-4839-b973-ec6eedb15bbc,428e3142-2ab4-4eec-be6b-3da56fd91bad,1.5,,,,51.12,17.56,33.56,,,,,,,,,{},2025-11-03 18:11:42.358,,,,MD-20251103-LIMITE-COMPLET,,,
077d7193-6372-4a8f-a4c2-2b66e4cc9e67,428e3142-2ab4-4eec-be6b-3da56fd91bad,2,,,,51,18.95,32.05,,,,,,,,,{},2025-11-03 18:11:42.358,,,,MD-20251103-LIMITE-COMPLET,,,
3387e005-0192-436f-88f9-ccfad7b26146,d1449b65-d311-4cf4-8148-dfe5337875c0,1,,,,41.8,22,19.8,,,,,,,,,{},2025-11-03 18:11:42.358,,,,MD-20251103-LIMITE-COMPLET,,,
5cd28203-d8f1-45d9-a3e9-abd1f0be18dd,d1449b65-d311-4cf4-8148-dfe5337875c0,1.5,,,,43.39,23,20.39,,,,,,,,,{},2025-11-03 18:11:42.358,,,,MD-20251103-LIMITE-COMPLET,,,
6a8fc01c-f1ad-487b-b5fa-4655a7e0e45b,d1449b65-d311-4cf4-8148-dfe5337875c0,2,,,,40.91,22,18.91,,,,,,,,,{},2025-11-03 18:11:42.358,,,,MD-20251103-LIMITE-COMPLET,,,
f3e480e2-e172-47a6-9946-a96dd088c13e,3720be87-6417-4481-a096-8cb4a1a3278a,1,,,,32.91,11.93,20.98,,,,,,,,,{},2025-11-03 18:11:42.358,,,,MD-20251103-LIMITE-COMPLET,,,
872f756f-fd72-426c-96d0-6f4f145b53c7,3720be87-6417-4481-a096-8cb4a1a3278a,1.5,,,,37.87,12.12,25.75,,,,,,,,,{},2025-11-03 18:11:42.358,,,,MD-20251103-LIMITE-COMPLET,,,
f36c0f40-efae-489b-85a1-48802eeb0bd0,3720be87-6417-4481-a096-8cb4a1a3278a,2,,,,43.38,13.37,30.01,,,,,,,,,{},2025-11-03 18:11:42.358,,,,MD-20251103-LIMITE-COMPLET,,,
c66525b4-e4ae-4c3c-ae3d-5fc46b47ff2d,dfdbf087-fdc4-44ed-9b7c-27f3c6837fe5,1,,,,45.04,11.28,33.76,,,,,,,,,{},2025-11-03 18:11:42.358,,,,MD-20251103-LIMITE-COMPLET,,,
a0aa0083-8d27-4406-a663-2149ed08fa8d,dfdbf087-fdc4-44ed-9b7c-27f3c6837fe5,1.5,,,,47.91,9.91,38,,,,,,,,,{},2025-11-03 18:11:42.358,,,,MD-20251103-LIMITE-COMPLET,,,
88a70213-b5d8-41a8-818b-9ed03064922b,dfdbf087-fdc4-44ed-9b7c-27f3c6837fe5,2,,,,51.79,13.59,38.2,,,,,,,,,{},2025-11-03 18:11:42.358,,,,MD-20251103-LIMITE-COMPLET,,,
cd4df759-8d94-4826-a917-9b73a84f1918,46718668-504c-4ee3-8e01-ad3f08665833,1,,,,48.27,19.52,28.75,,,,,,,,,{},2025-11-03 18:11:42.358,,,,MD-20251103-LIMITE-COMPLET,,,
b9a97a3d-8e12-4733-a972-dc35797984c0,46718668-504c-4ee3-8e01-ad3f08665833,1.5,,,,53.93,20.48,33.45,,,,,,,,,{},2025-11-03 18:11:42.358,,,,MD-20251103-LIMITE-COMPLET,,,
4c713457-ac8e-43f4-8280-a9888efcf1d0,46718668-504c-4ee3-8e01-ad3f08665833,2,,,,54.81,15,39.81,,,,,,,,,{},2025-11-03 18:11:42.358,,,,MD-20251103-LIMITE-COMPLET,,,
5d4856c2-60c7-44f3-8eb5-9aa4b6da5638,1e87c4a9-fc48-472a-8ee0-54e900c65b81,1,,,,43.2,20.73,22.47,,,,,,,,,{},2025-11-03 18:11:42.358,,,,MD-20251103-LIMITE-COMPLET,,,
bf5b4464-6b41-4aad-a400-76dc6ef35e7a,1e87c4a9-fc48-472a-8ee0-54e900c65b81,1.5,,,,46.08,20.73,25.35,,,,,,,,,{},2025-11-03 18:11:42.358,,,,MD-20251103-LIMITE-COMPLET,,,
370fbee5-98cf-433e-b2dc-398a49d7ebdc,1e87c4a9-fc48-472a-8ee0-54e900c65b81,2,,,,48.47,22.45,26.02,,,,,,,,,{},2025-11-03 18:11:42.358,,,,MD-20251103-LIMITE-COMPLET,,,
b9fb12b0-ffc6-4b18-b907-4d9475f40f38,9c7eab9d-54a0-46a1-a2d7-a96210248209,1,,,,28.3,8,20.3,,,,,,,,,{},2025-11-03 18:11:42.358,,,,MD-20251103-LIMITE-COMPLET,,,
82a46bcc-d776-4313-a0b3-ade714909324,9c7eab9d-54a0-46a1-a2d7-a96210248209,1.5,,,,29.86,12,17.86,,,,,,,,,{},2025-11-03 18:11:42.358,,,,MD-20251103-LIMITE-COMPLET,,,
a7fb5005-722b-440b-9367-9e51d2b0f380,9c7eab9d-54a0-46a1-a2d7-a96210248209,2,,,,32.99,10.78,22.21,,,,,,,,,{},2025-11-03 18:11:42.358,,,,MD-20251103-LIMITE-COMPLET,,,
e78c63fc-0efe-45d6-9805-9012d1b737c8,d8cc5654-1b69-44f4-abfe-ed736ab607d3,1,,,,49.5,29.81,19.69,,,,,,,,,{},2025-11-03 18:11:42.358,,,,MD-20251103-LIMITE-COMPLET,,,
36099873-0190-4890-a2b2-db4605801e6d,d8cc5654-1b69-44f4-abfe-ed736ab607d3,1.5,,,,59.45,27.11,32.34,,,,,,,,,{},2025-11-03 18:11:42.358,,,,MD-20251103-LIMITE-COMPLET,,,
77f92b2c-efcb-47c9-b252-805515890a1d,d8cc5654-1b69-44f4-abfe-ed736ab607d3,2,,,,61.81,28.28,33.53,,,,,,,,,{},2025-11-03 18:11:42.358,,,,MD-20251103-LIMITE-COMPLET,,,
45d3f6a9-1d57-43ae-981b-301d0fd159a7,0106399f-75e9-4d3c-8c8b-9c6786c999b4,2,,,,,,,1.71,,,,,,,,{},2025-11-04 09:37:23.240,,,,MD-20251103-BLEU,,,
8f2e1a0d-9b6c-4a72-b00d-f40d28cbaec5,7ddf9393-f2c2-4a63-91a6-b3cc9ca2e5b1,1,,,,,,,4.23,,,,,,,,{},2025-11-04 09:37:23.240,,,,MD-20251103-BLEU,,,
2797a329-9fe4-4222-9696-c71f83d40504,7ddf9393-f2c2-4a63-91a6-b3cc9ca2e5b1,1.5,,,,,,,1.73,,,,,,,,{},2025-11-04 09:37:23.240,,,,MD-20251103-BLEU,,,
0515c516-fe34-462c-9567-0f05d127b61f,7ddf9393-f2c2-4a63-91a6-b3cc9ca2e5b1,2,,,,,,,1.67,,,,,,,,{},2025-11-04 09:37:23.240,,,,MD-20251103-BLEU,,,
ae7b8bc8-519f-4c5d-832a-e9dee0c6704a,2e56d16f-dc88-4094-96f3-9398df4e1266,1,,,,,,,2.73,,,,,,,,{},2025-11-04 09:37:23.240,,,,MD-20251103-BLEU,,,
e2f1fd69-c17e-4e27-9e48-7461583ef9f4,2e56d16f-dc88-4094-96f3-9398df4e1266,1.5,,,,,,,2.48,,,,,,,,{},2025-11-04 09:37:23.240,,,,MD-20251103-BLEU,,,
03fbeaad-5e83-443b-8ea2-a5c53c8dfb27,2e56d16f-dc88-4094-96f3-9398df4e1266,2,,,,,,,2.44,,,,,,,,{},2025-11-04 09:37:23.240,,,,MD-20251103-BLEU,,,
7ca5ac6a-86fe-4223-9321-c4ed4e5d1f8f,404bcb2c-fc87-47a6-90e8-518a97195bdf,1,,,,,,,1.01,,,,,,,,{},2025-11-04 09:37:23.240,,,,MD-20251103-BLEU,,,
ee359ecd-7dec-4cc5-91f8-f302c0180579,404bcb2c-fc87-47a6-90e8-518a97195bdf,1.5,,,,,,,1.37,,,,,,,,{},2025-11-04 09:37:23.240,,,,MD-20251103-BLEU,,,
cbb284bc-9c3e-43d8-bc36-a33c05948951,404bcb2c-fc87-47a6-90e8-518a97195bdf,2,,,,,,,1.37,,,,,,,,{},2025-11-04 09:37:23.240,,,,MD-20251103-BLEU,,,
c248bd74-f8da-45f1-a3e3-04854ffdbb92,bdd7990c-f05e-404e-b991-8d6784b917a0,1,,,,,,,1.02,,,,,,,,{},2025-11-04 09:37:23.240,,,,MD-20251103-BLEU,,,
425a8273-3952-4f7a-bd93-f537f809db32,bdd7990c-f05e-404e-b991-8d6784b917a0,1.5,,,,,,,1.37,,,,,,,,{},2025-11-04 09:37:23.240,,,,MD-20251103-BLEU,,,
bf749452-15de-4983-a785-12f87513b532,bdd7990c-f05e-404e-b991-8d6784b917a0,2,,,,,,,1.03,,,,,,,,{},2025-11-04 09:37:23.240,,,,MD-20251103-BLEU,,,
2ad59520-cad6-4f40-9c49-9d0d9b2dbd79,81a26160-f076-4579-83af-a9f7c868e9c0,1,,,,,,,1.03,,,,,,,,{},2025-11-04 09:37:23.240,,,,MD-20251103-BLEU,,,
0d202b04-13d9-492e-b9d2-86f4ae822664,81a26160-f076-4579-83af-a9f7c868e9c0,1.5,,,,,,,0.94,,,,,,,,{},2025-11-04 09:37:23.240,,,,MD-20251103-BLEU,,,
5a6123f5-d4c4-45df-af86-1f597635e91c,81a26160-f076-4579-83af-a9f7c868e9c0,2,,,,,,,1.61,,,,,,,,{},2025-11-04 09:37:23.240,,,,MD-20251103-BLEU,,,
fe62da4c-da16-4867-9d93-331becc3b586,22d10f9f-9649-4f83-802d-b6bf593a59dc,1,,,,,,,4.65,,,,,,,,{},2025-11-04 09:37:23.240,,,,MD-20251103-BLEU,,,
c70dacac-123c-4bdc-b452-1ee960582e9c,22d10f9f-9649-4f83-802d-b6bf593a59dc,1.5,,,,,,,3.07,,,,,,,,{},2025-11-04 09:37:23.240,,,,MD-20251103-BLEU,,,
b0893d33-5603-4fb7-877a-e9cd95a55253,0782847d-a0cc-42b8-97e5-6a4398b60d83,2,,,,,,,5.8,,,,,,,,{},2025-11-03 18:29:17.216,,,,MD-20251103-BLEU-3-7,,,
fec1ce5b-918c-4a8a-84da-0f4d77c4ecde,b03bc8f3-c580-4859-9a69-7e7895f73fdf,1,,,,,,,9.01,,,,,,,,{},2025-11-03 18:29:17.216,,,,MD-20251103-BLEU-3-7,,,
7fcbafcf-3405-45c6-ac61-7a4653bd3375,b03bc8f3-c580-4859-9a69-7e7895f73fdf,1.5,,,,,,,11,,,,,,,,{},2025-11-03 18:29:17.216,,,,MD-20251103-BLEU-3-7,,,
81af95b8-b796-4d06-874e-d0afdce73857,b03bc8f3-c580-4859-9a69-7e7895f73fdf,2,,,,,,,20,,,,,,,,"{'note': 'Valeur plafonnée à 20', 'vbs_original': 20.16}",2025-11-03 18:29:17.216,,,,MD-20251103-BLEU-3-7,,,
3c5bda49-7cb9-474e-841d-70b72b180a0e,e3865236-5be3-4368-9aa7-29abc4a17ee2,1,,,,,,,5.26,,,,,,,,{},2025-11-03 18:29:17.216,,,,MD-20251103-BLEU-3-7,,,
f5da9c03-9ac5-42dd-b315-74f76c53d466,e3865236-5be3-4368-9aa7-29abc4a17ee2,1.5,,,,,,,6.34,,,,,,,,{},2025-11-03 18:29:17.216,,,,MD-20251103-BLEU-3-7,,,
f9b0514f-dd1b-4262-840d-ddeaf07a9bd3,22d10f9f-9649-4f83-802d-b6bf593a59dc,2,,,,,,,2.47,,,,,,,,{},2025-11-04 09:37:23.240,,,,MD-20251103-BLEU,,,
d1372d87-d79e-4885-8b46-e4436c25fda1,e3865236-5be3-4368-9aa7-29abc4a17ee2,2,,,,,,,6.74,,,,,,,,{},2025-11-03 18:29:17.216,,,,MD-20251103-BLEU-3-7,,,
8354a236-2824-4ed4-9a7e-de542d4c697f,c45c3294-b93e-4277-b59e-3451c9d0998c,1,,,,,,,0.33,,,,,,,,{},2025-11-03 18:31:09.044,,,,MD-20251103-BLEU-3-8,,,
14454f2d-4d03-4387-958e-62fd7516d053,c45c3294-b93e-4277-b59e-3451c9d0998c,1.5,,,,,,,0.5,,,,,,,,{},2025-11-03 18:31:09.044,,,,MD-20251103-BLEU-3-8,,,
603a3b79-4627-4d58-86b2-4d76119ce4eb,c45c3294-b93e-4277-b59e-3451c9d0998c,2,,,,,,,0.6,,,,,,,,{},2025-11-03 18:31:09.044,,,,MD-20251103-BLEU-3-8,,,
16bf05da-b63e-4386-b7c4-8409ddcd0ef5,dda1e71b-8d0d-4c9e-b53f-877a6cf70da9,1,,,,,,,1.83,,,,,,,,{},2025-11-03 18:31:09.044,,,,MD-20251103-BLEU-3-8,,,
6662705b-d166-4041-90b0-0a2872467237,dda1e71b-8d0d-4c9e-b53f-877a6cf70da9,1.5,,,,,,,3.82,,,,,,,,{},2025-11-03 18:31:09.044,,,,MD-20251103-BLEU-3-8,,,
7f81aaa3-6ef9-4779-b0f5-a41065d07872,dda1e71b-8d0d-4c9e-b53f-877a6cf70da9,2,,,,,,,2.64,,,,,,,,{},2025-11-03 18:31:09.044,,,,MD-20251103-BLEU-3-8,,,
491b3753-43c2-41d9-9440-d99d206a712d,c9b8371f-8779-42e3-a087-7bbb44210dd9,1,,,,,,,4.6,,,,,,,,{},2025-11-03 18:31:09.044,,,,MD-20251103-BLEU-3-8,,,
a034ec12-a32b-4e8c-930e-0c2cb5d9f981,c9b8371f-8779-42e3-a087-7bbb44210dd9,1.5,,,,,,,4.03,,,,,,,,{},2025-11-03 18:31:09.044,,,,MD-20251103-BLEU-3-8,,,
1ad191d7-f2ab-47b3-b935-09c3dfbea542,c9b8371f-8779-42e3-a087-7bbb44210dd9,2,,,,,,,5.06,,,,,,,,{},2025-11-03 18:31:09.044,,,,MD-20251103-BLEU-3-8,,,
8cfd7fd0-5d4e-4991-9962-5b9a049a44f8,8a3fb39e-a7b4-4968-8932-1c0a925a8d41,1,,,,,,,4.02,,,,,,,,{},2025-11-03 18:31:09.044,,,,MD-20251103-BLEU-3-8,,,
e8f38e89-4fe6-4e84-9511-b097aa909da8,8a3fb39e-a7b4-4968-8932-1c0a925a8d41,1.5,,,,,,,3.61,,,,,,,,{},2025-11-03 18:31:09.044,,,,MD-20251103-BLEU-3-8,,,
9f44541a-02b3-441e-ba57-90fb781c7c4e,8a3fb39e-a7b4-4968-8932-1c0a925a8d41,2,,,,,,,1.2,,,,,,,,{},2025-11-03 18:31:09.044,,,,MD-20251103-BLEU-3-8,,,
e1f77d9e-8294-442d-a81d-e7c8ba0d58f2,b71c8db0-d730-4693-bd6d-47fcd4e7cf0a,1,,,,,,,4.55,,,,,,,,{},2025-11-03 18:31:09.044,,,,MD-20251103-BLEU-3-8,,,
618b8f27-1819-49e6-942d-d2af512255ed,b71c8db0-d730-4693-bd6d-47fcd4e7cf0a,1.5,,,,,,,4.88,,,,,,,,{},2025-11-03 18:31:09.044,,,,MD-20251103-BLEU-3-8,,,
4ae50817-4253-4035-ac2b-e013c0c5c85a,b71c8db0-d730-4693-bd6d-47fcd4e7cf0a,2,,,,,,,6.3,,,,,,,,{},2025-11-03 18:31:09.044,,,,MD-20251103-BLEU-3-8,,,
dbf3dd52-b745-403b-84c1-88f395074b3a,b6e1ba9a-5463-46dd-8c7b-d88d443337ca,1,,,,,,,1.33,,,,,,,,{},2025-11-03 18:31:09.044,,,,MD-20251103-BLEU-3-8,,,
6c515321-4593-4b50-93db-7f25c56c87a3,b6e1ba9a-5463-46dd-8c7b-d88d443337ca,1.5,,,,,,,0.6,,,,,,,,{},2025-11-03 18:31:09.044,,,,MD-20251103-BLEU-3-8,,,
7296df4b-b7df-4efe-ae04-70a029842687,b6e1ba9a-5463-46dd-8c7b-d88d443337ca,2,,,,,,,0.6,,,,,,,,{},2025-11-03 18:31:09.044,,,,MD-20251103-BLEU-3-8,,,
c9fd51cb-1a64-4233-9a4f-a9a9e2c63cbc,56da0bea-b333-4089-9ba4-3144c003a23a,1,,,,,,,1.5,,,,,,,,{},2025-11-03 18:31:09.044,,,,MD-20251103-BLEU-3-8,,,
a33e8396-4800-45ca-bace-14e1c47deb08,56da0bea-b333-4089-9ba4-3144c003a23a,1.5,,,,,,,0.6,,,,,,,,{},2025-11-03 18:31:09.044,,,,MD-20251103-BLEU-3-8,,,
6e1f55ce-0394-4a75-b459-de94d7a9c939,56da0bea-b333-4089-9ba4-3144c003a23a,2,,,,,,,0.6,,,,,,,,{},2025-11-03 18:31:09.044,,,,MD-20251103-BLEU-3-8,,,
3f58d23d-2192-46f0-88e2-a076802d649b,4029a3a2-5f60-462e-9723-5c41391bdd32,1,,,,,,,2.33,,,,,,,,{},2025-11-03 18:31:09.044,,,,MD-20251103-BLEU-3-8,,,
96ec09f8-2f1c-4a1d-8270-c7fc4baee9c5,4029a3a2-5f60-462e-9723-5c41391bdd32,1.5,,,,,,,0.6,,,,,,,,{},2025-11-03 18:31:09.044,,,,MD-20251103-BLEU-3-8,,,
3e366d8d-ef00-4dfa-bc4e-1bc7c47735fd,4029a3a2-5f60-462e-9723-5c41391bdd32,2,,,,,,,0.6,,,,,,,,{},2025-11-03 18:31:09.044,,,,MD-20251103-BLEU-3-8,,,
e8419a97-a1e1-47e7-99eb-4f4f9fae2be2,7ca65533-c5c0-4765-9b73-8d58d74b140b,1,,,,,,,4.33,,,,,,,,{},2025-11-04 09:37:23.240,,,,MD-20251103-BLEU,,,
2477a8c9-b391-499f-8cf8-966b30199c6a,7ca65533-c5c0-4765-9b73-8d58d74b140b,1.5,,,,,,,0.29,,,,,,,,{},2025-11-04 09:37:23.240,,,,MD-20251103-BLEU,,,
f9435247-6401-473b-8560-30a8f16296ce,7ca65533-c5c0-4765-9b73-8d58d74b140b,2,,,,,,,2.12,,,,,,,,{},2025-11-04 09:37:23.240,,,,MD-20251103-BLEU,,,
e2dfcfcf-cfc5-4890-95fb-b2a07fdcd89d,94f91921-43b0-4f39-9c00-39c4a88a8877,1,,,,,,,6.13,,,,,,,,{},2025-11-04 09:37:23.240,,,,MD-20251103-BLEU,,,
cb274456-a6fb-4e9e-9696-73191febceea,94f91921-43b0-4f39-9c00-39c4a88a8877,1.5,,,,,,,2.81,,,,,,,,{},2025-11-04 09:37:23.240,,,,MD-20251103-BLEU,,,
36982535-d33b-457d-adc0-1f71a1a9bbd1,94f91921-43b0-4f39-9c00-39c4a88a8877,2,,,,,,,4.92,,,,,,,,{},2025-11-04 09:37:23.240,,,,MD-20251103-BLEU,,,
3c817621-cefb-4501-a548-2bd11350c002,d94e5e14-8314-402e-976c-2a7915081a65,1,,,,,,,7.53,,,,,,,,{},2025-11-04 09:37:23.240,,,,MD-20251103-BLEU,,,
8c788d11-2bb8-4bfa-ae12-857b58c690f9,d94e5e14-8314-402e-976c-2a7915081a65,1.5,,,,,,,6.4,,,,,,,,{},2025-11-04 09:37:23.240,,,,MD-20251103-BLEU,,,
a1402967-a609-4a6b-b51d-729fd029b783,d94e5e14-8314-402e-976c-2a7915081a65,2,,,,,,,6.13,,,,,,,,{},2025-11-04 09:37:23.240,,,,MD-20251103-BLEU,,,
9487de03-25bb-47bb-8d43-5adcee565e92,5d067029-b13c-4a75-ba8f-a220fef26432,1,,,,,,,1.95,,,,,,,,{},2025-11-04 09:37:23.240,,,,MD-20251103-BLEU,,,
2d2a0716-67e0-48e8-9b64-90ffcc93eb9e,5d067029-b13c-4a75-ba8f-a220fef26432,1.5,,,,,,,1.93,,,,,,,,{},2025-11-04 09:37:23.240,,,,MD-20251103-BLEU,,,
617b921e-c849-43f2-b82b-78a3ed6d81db,5d067029-b13c-4a75-ba8f-a220fef26432,2,,,,,,,1.87,,,,,,,,{},2025-11-04 09:37:23.240,,,,MD-20251103-BLEU,,,
cc7b67db-9fe4-454d-9088-477f0f149417,da64c172-68a0-4d40-8016-d11672863e68,1,,,,,,,4.39,,,,,,,,{},2025-11-04 09:37:23.240,,,,MD-20251103-BLEU,,,
d0db82ef-e684-4eb7-b7d6-d9cc396bfdc2,da64c172-68a0-4d40-8016-d11672863e68,1.5,,,,,,,4.42,,,,,,,,{},2025-11-04 09:37:23.240,,,,MD-20251103-BLEU,,,
16eb0a30-7bff-421c-82f0-c368d42afd9c,da64c172-68a0-4d40-8016-d11672863e68,2,,,,,,,2.88,,,,,,,,{},2025-11-04 09:37:23.240,,,,MD-20251103-BLEU,,,
e74b36e4-25b2-4aa1-95e6-9e8a11f9bc50,f68381aa-66f2-47bd-b0e6-105b5bd7f035,1,,,,,,,1.66,,,,,,,,{},2025-11-04 09:37:23.240,,,,MD-20251103-BLEU,,,
d9b46c8e-691c-4a7d-a81a-1453fef3ab3b,f68381aa-66f2-47bd-b0e6-105b5bd7f035,1.5,,,,,,,1.02,,,,,,,,{},2025-11-04 09:37:23.240,,,,MD-20251103-BLEU,,,
3539b746-39d9-4ee0-83ca-583c7725c08d,f68381aa-66f2-47bd-b0e6-105b5bd7f035,2,,,,,,,1.34,,,,,,,,{},2025-11-04 09:37:23.240,,,,MD-20251103-BLEU,,,
dfd21b84-3ac2-4fa8-83bf-ce60ffa99007,48e77b2e-57f6-4f75-af40-569025868be7,1,,,,,,,1.02,,,,,,,,{},2025-11-04 09:37:23.240,,,,MD-20251103-BLEU,,,
4a67e421-0ee4-4d00-999e-bdb548850c38,e11e2df4-c6c5-4b13-988f-8921d063031c,1,,,,,,,,,,,,,,,{},2025-11-04 09:37:23.240,,,,MD-20251103-BLEU,,,
7b37a8e9-6066-48b8-83b2-79905fff80c6,e11e2df4-c6c5-4b13-988f-8921d063031c,1.5,,,,,,,,,,,,,,,{},2025-11-04 09:37:23.240,,,,MD-20251103-BLEU,,,
ebd6517f-f472-4729-a977-1059768d8848,e11e2df4-c6c5-4b13-988f-8921d063031c,2,,,,,,,,,,,,,,,{},2025-11-04 09:37:23.240,,,,MD-20251103-BLEU,,,
33e3f14e-2660-44d6-8c03-be231415e25f,48e77b2e-57f6-4f75-af40-569025868be7,1.5,,,,,,,1.04,,,,,,,,{},2025-11-04 09:37:23.240,,,,MD-20251103-BLEU,,,
625ac29c-a12a-4b7f-819d-d869560aba2f,48e77b2e-57f6-4f75-af40-569025868be7,2,,,,,,,2.71,,,,,,,,{},2025-11-04 09:37:23.240,,,,MD-20251103-BLEU,,,
b1d593e7-0a41-42a9-b4d9-6d172dee039d,9b640b33-6734-4160-b138-3dbba05ebd42,1,,,,,,,0.7,,,,,,,,{},2025-11-04 09:37:23.240,,,,MD-20251103-BLEU,,,
eb51eb00-04c2-467b-ac3b-c091c6b896ab,9b640b33-6734-4160-b138-3dbba05ebd42,1.5,,,,,,,0.79,,,,,,,,{},2025-11-04 09:37:23.240,,,,MD-20251103-BLEU,,,
66ac09ce-8a86-417f-94d4-070ef91013bd,9b640b33-6734-4160-b138-3dbba05ebd42,2,,,,,,,0.78,,,,,,,,{},2025-11-04 09:37:23.240,,,,MD-20251103-BLEU,,,
b31bf00b-1cae-4993-abf1-058b575f68f2,37925da3-fc56-40d7-8554-d24b588c51c4,1,,,,,,,6.8,,,,,,,,{},2025-11-04 09:37:23.240,,,,MD-20251103-BLEU,,,
0d6bacb7-d4be-4ad2-88a7-c2fc4afd5a32,37925da3-fc56-40d7-8554-d24b588c51c4,1.5,,,,,,,7.62,,,,,,,,{},2025-11-04 09:37:23.240,,,,MD-20251103-BLEU,,,
239d335d-330a-4c79-ba61-183385964e95,37925da3-fc56-40d7-8554-d24b588c51c4,2,,,,,,,6.68,,,,,,,,{},2025-11-04 09:37:23.240,,,,MD-20251103-BLEU,,,
911bb5bb-8e28-4a5d-af55-3794a2b9a6b9,d3e70b8f-25aa-4aaa-884a-f3a17f400e27,1,,,,,,,5.2,,,,,,,,{},2025-11-03 18:40:24.175,,,,MD-20251103-BLEU,,,
cdd9e336-2b27-411d-8956-b122d13e8294,d3e70b8f-25aa-4aaa-884a-f3a17f400e27,1.5,,,,,,,7.4,,,,,,,,{},2025-11-03 18:40:24.175,,,,MD-20251103-BLEU,,,
554595ca-b399-4ee6-bb88-980cad5ae3db,d3e70b8f-25aa-4aaa-884a-f3a17f400e27,2,,,,,,,10.3,,,,,,,,{},2025-11-03 18:40:24.175,,,,MD-20251103-BLEU,,,
8a1a9e64-6cbd-4d51-90d1-fac183e3347b,02cd6b13-353b-44f1-88dd-d9fdf922e9b1,1,,,,,,,1.32,,,,,,,,{},2025-11-03 18:40:24.175,,,,MD-20251103-BLEU,,,
567424e6-cbb3-4c6c-a6a5-40080ff3d998,02cd6b13-353b-44f1-88dd-d9fdf922e9b1,1.5,,,,,,,1.4,,,,,,,,{},2025-11-03 18:40:24.175,,,,MD-20251103-BLEU,,,
bc3f446e-1d19-49ae-844b-95b0f014835b,02cd6b13-353b-44f1-88dd-d9fdf922e9b1,2,,,,,,,2.18,,,,,,,,{},2025-11-03 18:40:24.175,,,,MD-20251103-BLEU,,,
d82fdbf0-b72d-4f29-94cb-43433dcab059,22d2c154-d32f-4b09-b59e-026c91b9e988,1,,,,,,,1.32,,,,,,,,{},2025-11-03 18:40:24.175,,,,MD-20251103-BLEU,,,
9fedd9fc-b47f-47e8-aee1-38cfb2023159,22d2c154-d32f-4b09-b59e-026c91b9e988,1.5,,,,,,,1.4,,,,,,,,{},2025-11-03 18:40:24.175,,,,MD-20251103-BLEU,,,
1b1ecdc4-750c-4e12-b0bd-063b97dd1284,22d2c154-d32f-4b09-b59e-026c91b9e988,2,,,,,,,2.18,,,,,,,,{},2025-11-03 18:40:24.175,,,,MD-20251103-BLEU,,,
48fc8796-5d1c-42af-a469-7cc9d2398a7c,ba8e09c0-95ca-412f-b2ae-1fc885922e0c,1,,,,,,,3.33,,,,,,,,{},2025-11-03 18:40:24.175,,,,MD-20251103-BLEU,,,
eb203cc8-43fb-42eb-97dd-3b1613ba5000,ba8e09c0-95ca-412f-b2ae-1fc885922e0c,1.5,,,,,,,3.33,,,,,,,,{},2025-11-03 18:40:24.175,,,,MD-20251103-BLEU,,,
c3e48ce1-a8a2-4c0a-a937-3af48d3bf489,31345a63-9da7-423c-9c2b-1348e0606a7b,1,,,,,,,7.29,,,,,,,,{},2025-11-04 09:37:23.240,,,,MD-20251103-BLEU,,,
1afc5e2e-70d2-4ad7-90ed-82dbf174e86f,31345a63-9da7-423c-9c2b-1348e0606a7b,1.5,,,,,,,7.94,,,,,,,,{},2025-11-04 09:37:23.240,,,,MD-20251103-BLEU,,,
3dc3c8b3-fa15-4649-8af3-a28e3992fd77,31345a63-9da7-423c-9c2b-1348e0606a7b,2,,,,,,,6.84,,,,,,,,{},2025-11-04 09:37:23.240,,,,MD-20251103-BLEU,,,
44032a55-94f8-4ba0-ad7f-816c92d1b55e,9b931908-6f38-45d1-9b34-a77cddf9486e,1,,,,,,,4.16,,,,,,,,{},2025-11-04 09:37:23.240,,,,MD-20251103-BLEU,,,
79d7d3b4-6ac1-4f25-8a8e-967f54425405,9b931908-6f38-45d1-9b34-a77cddf9486e,1.5,,,,,,,4.33,,,,,,,,{},2025-11-04 09:37:23.240,,,,MD-20251103-BLEU,,,
17dc9b3a-1433-46c7-9509-28f68b3d6e0e,9b931908-6f38-45d1-9b34-a77cddf9486e,2,,,,,,,5.16,,,,,,,,{},2025-11-04 09:37:23.240,,,,MD-20251103-BLEU,,,
efc627d2-6dbc-4449-9fc8-083f91eb5c01,3602f9f9-78dc-450b-81cd-4ac7ee112ac8,1,,,,,,,0.56,,,,,,,,{},2025-11-04 09:37:23.240,,,,MD-20251103-BLEU,,,
23cbe894-f7e6-4498-95a9-02fbc411d611,3602f9f9-78dc-450b-81cd-4ac7ee112ac8,1.5,,,,,,,0.62,,,,,,,,{},2025-11-04 09:37:23.240,,,,MD-20251103-BLEU,,,
59971663-e035-4ae7-a013-6acdc370589b,3602f9f9-78dc-450b-81cd-4ac7ee112ac8,2,,,,,,,1.59,,,,,,,,{},2025-11-04 09:37:23.240,,,,MD-20251103-BLEU,,,
4fad1a2a-a913-4b1e-9bbe-6f3c65a988bb,fbce99f9-2d88-4794-a588-046743ad81b2,1,,,,,,,2.61,,,,,,,,{},2025-11-04 09:37:23.240,,,,MD-20251103-BLEU,,,
4b910722-0271-4e1f-a179-a140acc8b946,fbce99f9-2d88-4794-a588-046743ad81b2,1.5,,,,,,,2.73,,,,,,,,{},2025-11-04 09:37:23.240,,,,MD-20251103-BLEU,,,
effed932-3bde-45d2-9a34-dd6d7f7f7ea1,fbce99f9-2d88-4794-a588-046743ad81b2,2,,,,,,,3.79,,,,,,,,{},2025-11-04 09:37:23.240,,,,MD-20251103-BLEU,,,
ebb3ee1e-089e-45c2-98c1-e496ef9d9abe,d3f42f1d-1a4c-4ae2-ba66-41a8d3f1d4f1,1,,,,,,,1.47,,,,,,,,{},2025-11-04 09:37:23.240,,,,MD-20251103-BLEU,,,
4c0b7ac0-2f7c-4dec-8113-f3b53a34425a,d3f42f1d-1a4c-4ae2-ba66-41a8d3f1d4f1,1.5,,,,,,,0.34,,,,,,,,{},2025-11-04 09:37:23.240,,,,MD-20251103-BLEU,,,
850ac7f5-ddd2-4b62-81f5-f45436b118fb,d25f0623-a6b0-474a-9643-bef3b2ddffd0,1,,,,,,,3.43,,,,,,,,{},2025-11-04 09:37:23.240,,,,MD-20251103-BLEU,,,
0b4ddbbf-2227-4867-8c2b-12f3ff9abc17,d25f0623-a6b0-474a-9643-bef3b2ddffd0,1.5,,,,,,,3.11,,,,,,,,{},2025-11-04 09:37:23.240,,,,MD-20251103-BLEU,,,
27d244ee-ace8-4fb2-b7a4-e9f188239e29,d25f0623-a6b0-474a-9643-bef3b2ddffd0,2,,,,,,,2.77,,,,,,,,{},2025-11-04 09:37:23.240,,,,MD-20251103-BLEU,,,
fb3ba1f5-8acc-4af3-be63-286ff591e505,92ecc45f-dab4-48a0-a914-e668b530c156,1,,,,,,,1.13,,,,,,,,{},2025-11-04 09:37:23.240,,,,MD-20251103-BLEU,,,
6f409bad-2035-4eb1-9fca-644eb66815de,92ecc45f-dab4-48a0-a914-e668b530c156,1.5,,,,,,,1.08,,,,,,,,{},2025-11-04 09:37:23.240,,,,MD-20251103-BLEU,,,
00cc626c-3dad-451c-bea5-904d54070e88,92ecc45f-dab4-48a0-a914-e668b530c156,2,,,,,,,0.98,,,,,,,,{},2025-11-04 09:37:23.240,,,,MD-20251103-BLEU,,,
8d7dc178-78d5-4d5c-92e9-2a8138194875,6f1ec57b-5d21-472c-9453-f95aca402df8,1,,,,,,,1.44,,,,,,,,{},2025-11-04 09:37:23.240,,,,MD-20251103-BLEU,,,
4eb0f901-1cf3-4d0a-8606-f7a2bc2038a2,6f1ec57b-5d21-472c-9453-f95aca402df8,1.5,,,,,,,2.47,,,,,,,,{},2025-11-04 09:37:23.240,,,,MD-20251103-BLEU,,,
583d91ab-dfe8-48f8-98be-55c1d2d4fd62,6f1ec57b-5d21-472c-9453-f95aca402df8,2,,,,,,,3.25,,,,,,,,{},2025-11-04 09:37:23.240,,,,MD-20251103-BLEU,,,
11308ce9-4937-4e26-931e-27b52b32193c,0759e811-1c93-44ca-b781-8c0b7aa8daa7,1,,,,,,,1.48,,,,,,,,{},2025-11-04 09:37:23.240,,,,MD-20251103-BLEU,,,
28ac3a1f-67c3-4294-8cc6-da901f5c246c,0759e811-1c93-44ca-b781-8c0b7aa8daa7,1.5,,,,,,,2.23,,,,,,,,{},2025-11-04 09:37:23.240,,,,MD-20251103-BLEU,,,
2f63173b-5f18-4b7a-9f7b-a94529de9d7d,0759e811-1c93-44ca-b781-8c0b7aa8daa7,2,,,,,,,3.61,,,,,,,,{},2025-11-04 09:37:23.240,,,,MD-20251103-BLEU,,,
83c01320-6df3-46f2-b302-660ae4665667,add2e2a4-c9ca-4c81-b57e-7cb7f91c1194,1,,,,,,,1.5,,,,,,,,{},2025-11-04 09:37:23.240,,,,MD-20251103-BLEU,,,
e877246e-a32b-4945-a9ec-cca97e0acf4d,add2e2a4-c9ca-4c81-b57e-7cb7f91c1194,1.5,,,,,,,1.89,,,,,,,,{},2025-11-04 09:37:23.240,,,,MD-20251103-BLEU,,,
8b8d8f35-d394-47eb-8d43-bfac72d35402,add2e2a4-c9ca-4c81-b57e-7cb7f91c1194,2,,,,,,,3.59,,,,,,,,{},2025-11-04 09:37:23.240,,,,MD-20251103-BLEU,,,
6dcb2081-2b28-4ee6-9ae8-d5c9944f3949,6ae1cb8d-6fda-439a-a2cf-47e16e4689df,1,,,,,,,1.13,,,,,,,,{},2025-11-04 09:37:23.240,,,,MD-20251103-BLEU,,,
7776d55d-8f79-4cb7-9ccf-a040c8386a39,6ae1cb8d-6fda-439a-a2cf-47e16e4689df,1.5,,,,,,,1.16,,,,,,,,{},2025-11-04 09:37:23.240,,,,MD-20251103-BLEU,,,
c634606d-4dc8-49a9-b11b-058502bafeb1,6ae1cb8d-6fda-439a-a2cf-47e16e4689df,2,,,,,,,1.17,,,,,,,,{},2025-11-04 09:37:23.240,,,,MD-20251103-BLEU,,,
600fd062-a5ef-4984-aa2e-23d87e34cc9c,974d4b8c-7750-4293-a8c1-b74125f94270,1,,,,,,,1.03,,,,,,,,{},2025-11-04 09:37:23.240,,,,MD-20251103-BLEU,,,
d57bdd7d-67a1-40bd-8012-f06d2ae37d27,974d4b8c-7750-4293-a8c1-b74125f94270,1.5,,,,,,,1.11,,,,,,,,{},2025-11-04 09:37:23.240,,,,MD-20251103-BLEU,,,
e7192e4f-db19-43ff-b020-8f23c60b59c6,974d4b8c-7750-4293-a8c1-b74125f94270,2,,,,,,,1.48,,,,,,,,{},2025-11-04 09:37:23.240,,,,MD-20251103-BLEU,,,
730ae9f6-a547-4f04-a57b-3fd3e080e693,5b8fc704-d068-4df1-b00e-b42e6480aa07,1,,,,,,,1.38,,,,,,,,{},2025-11-04 09:37:23.240,,,,MD-20251103-BLEU,,,
dbc044c4-68cf-43fe-9d5f-c9f8ddcf0d9b,5b8fc704-d068-4df1-b00e-b42e6480aa07,1.5,,,,,,,1.85,,,,,,,,{},2025-11-04 09:37:23.240,,,,MD-20251103-BLEU,,,
c0f27de2-5ab0-4da4-8c2c-0323edd8e477,5b8fc704-d068-4df1-b00e-b42e6480aa07,2,,,,,,,2.96,,,,,,,,{},2025-11-04 09:37:23.240,,,,MD-20251103-BLEU,,,
f91f94a6-4dc4-45ac-8df6-639192c48b5d,dbfe7c77-abb6-4247-bd51-fb0665517122,1,,,,,,,1.59,,,,,,,,{},2025-11-04 09:37:23.240,,,,MD-20251103-BLEU,,,
242476e5-5f41-42ae-886d-0d3d23ab2d56,dbfe7c77-abb6-4247-bd51-fb0665517122,1.5,,,,,,,2.34,,,,,,,,{},2025-11-04 09:37:23.240,,,,MD-20251103-BLEU,,,
ae501d77-5ed2-44bc-ade5-7bfdf1474d4b,dbfe7c77-abb6-4247-bd51-fb0665517122,2,,,,,,,3.59,,,,,,,,{},2025-11-04 09:37:23.240,,,,MD-20251103-BLEU,,,
1aef4b82-e45d-4c24-8baa-fde8835e3f47,0106399f-75e9-4d3c-8c8b-9c6786c999b4,1,,,,,,,1.75,,,,,,,,{},2025-11-04 09:37:23.240,,,,MD-20251103-BLEU,,,
2c6e88e5-54fc-4d5f-8e67-303d50fa9861,0106399f-75e9-4d3c-8c8b-9c6786c999b4,1.5,,,,,,,1.73,,,,,,,,{},2025-11-04 09:37:23.240,,,,MD-20251103-BLEU,,,
b086fea3-1fd1-4663-919f-125e40845295,f215ed61-27bf-45b0-8b4d-7a1dcbd0056d,1,,,,,,,3.74,,,,,,,,{},2025-11-03 18:40:24.175,,,,MD-20251103-BLEU,,,
0dd3b9d2-ad42-473a-8052-ceb5970c7032,f215ed61-27bf-45b0-8b4d-7a1dcbd0056d,1.5,,,,,,,3.4,,,,,,,,{},2025-11-03 18:40:24.175,,,,MD-20251103-BLEU,,,
e337c867-850f-4b1a-a118-41cc6400e959,f215ed61-27bf-45b0-8b4d-7a1dcbd0056d,2,,,,,,,4.1,,,,,,,,{},2025-11-03 18:40:24.175,,,,MD-20251103-BLEU,,,
b967224b-a13f-447f-af5b-cc8884d5d2be,c031860f-6bc3-4737-b269-4f00afa9422d,1,,,,,,,6.56,,,,,,,,{},2025-11-03 18:40:24.175,,,,MD-20251103-BLEU,,,
548c6a72-cf8b-421c-8619-1c6e78c2355d,c031860f-6bc3-4737-b269-4f00afa9422d,1.5,,,,,,,5.27,,,,,,,,{},2025-11-03 18:40:24.175,,,,MD-20251103-BLEU,,,
8216e66b-142a-453d-b5c4-ae172e3a68e4,c031860f-6bc3-4737-b269-4f00afa9422d,2,,,,,,,3.58,,,,,,,,{},2025-11-03 18:40:24.175,,,,MD-20251103-BLEU,,,
ed82ddf1-892c-4ac1-9467-b643c21c5fe7,16fabf82-1694-47cc-9435-61fb974d16fb,1,,,,,,,2,,,,,,,,{},2025-11-03 18:40:24.175,,,,MD-20251103-BLEU,,,
e3c5a03d-95a8-4c62-a0af-acf69777e140,16fabf82-1694-47cc-9435-61fb974d16fb,1.5,,,,,,,3.33,,,,,,,,{},2025-11-03 18:40:24.175,,,,MD-20251103-BLEU,,,
12cd81b5-032d-4d9e-b4fd-814b36a4be0a,16fabf82-1694-47cc-9435-61fb974d16fb,2,,,,,,,3.33,,,,,,,,{},2025-11-03 18:40:24.175,,,,MD-20251103-BLEU,,,
59f4c569-c3e2-4cbe-8921-c4db7cd89bbb,76c2ba3a-9f69-41a1-9c86-b875287142e9,1,,,,,,,1.82,,,,,,,,{},2025-11-03 18:40:24.175,,,,MD-20251103-BLEU,,,
bbf34e2e-7c7b-4dc3-a6ae-4ac308a4c273,76c2ba3a-9f69-41a1-9c86-b875287142e9,1.5,,,,,,,3.78,,,,,,,,{},2025-11-03 18:40:24.175,,,,MD-20251103-BLEU,,,
14e46d27-5bce-4a26-915a-d4bf0d253336,76c2ba3a-9f69-41a1-9c86-b875287142e9,2,,,,,,,5.5,,,,,,,,{},2025-11-03 18:40:24.175,,,,MD-20251103-BLEU,,,
0b3fee02-8522-4b5a-8916-fbe2d3869fe5,ba8e09c0-95ca-412f-b2ae-1fc885922e0c,2,,,,,,,4,,,,,,,,{},2025-11-03 18:40:24.175,,,,MD-20251103-BLEU,,,
5e49b588-3cba-40bc-85e2-f148622500e1,259dd6bd-1f93-45d9-b4f3-aa77bb8534cf,1,,,,,,,1,,,,,,,,{},2025-11-03 18:40:24.175,,,,MD-20251103-BLEU,,,
30710d85-34b9-4975-8943-7153fa2d8faf,259dd6bd-1f93-45d9-b4f3-aa77bb8534cf,1.5,,,,,,,4,,,,,,,,{},2025-11-03 18:40:24.175,,,,MD-20251103-BLEU,,,
44068722-2bb5-4da8-9897-e2ef9133d818,259dd6bd-1f93-45d9-b4f3-aa77bb8534cf,2,,,,,,,1.6,,,,,,,,{},2025-11-03 18:40:24.175,,,,MD-20251103-BLEU,,,
ab358a48-5bf1-4183-903f-0c11abd7d5e7,a704a2cd-19cf-483f-9861-8170ace3aec6,1.5,,,,,,,,,,,,,,,{},2025-11-04 09:53:43.711,,,,MD-20251103-GRANULO,,,
e534cbe3-dffc-4156-a6f7-8e4b104723b2,8683f7c0-5440-4543-bad4-9007d226c676,1,,,,,,,,,,,,,,,{},2025-11-04 09:53:43.711,,,,MD-20251103-GRANULO,,,
d79bce45-c522-479a-bbe8-b2d9569a27d3,34111022-7dbc-430c-9bda-a544c3bf5877,1.5,,,,,,,,,,,,,,,{},2025-11-04 09:53:43.711,,,,MD-20251103-GRANULO,,,
92e6e22d-e7ae-4bd1-9359-623c161b614e,bfd42b95-95f5-489f-baf5-6230eb5e1edf,1,,,,,,,,,,,,,,,{},2025-11-04 09:53:43.711,,,,MD-20251103-GRANULO,,,
746c3440-c901-4329-9bbb-c062f3d724cb,a704a2cd-19cf-483f-9861-8170ace3aec6,2,,,,,,,,,,,,,,,{},2025-11-04 09:53:43.711,,,,MD-20251103-GRANULO,,,
1ebb5051-aadf-47f4-857e-c745b4512310,34111022-7dbc-430c-9bda-a544c3bf5877,2,,,,,,,,,,,,,,,{},2025-11-04 09:53:43.711,,,,MD-20251103-GRANULO,,,
07752b9f-bc4c-490c-a90d-5c289417027b,bfd42b95-95f5-489f-baf5-6230eb5e1edf,1.5,,,,,,,,,,,,,,,{},2025-11-04 09:53:43.711,,,,MD-20251103-GRANULO,,,
25cf9134-0a30-48a7-a56d-2fa2eaa6d5d9,a704a2cd-19cf-483f-9861-8170ace3aec6,1,,,,,,,,,,,,,,,{},2025-11-04 09:53:43.711,,,,MD-20251103-GRANULO,,,
e29ccfca-f31e-4935-a65b-3b3004b6d399,34111022-7dbc-430c-9bda-a544c3bf5877,1,,,,,,,,,,,,,,,{},2025-11-04 09:53:43.711,,,,MD-20251103-GRANULO,,,
2256bd53-b118-4524-88ad-3d5f773380e7,8683f7c0-5440-4543-bad4-9007d226c676,1.5,,,,,,,,,,,,,,,{},2025-11-04 09:53:43.711,,,,MD-20251103-GRANULO,,,
f01dd133-27c3-4237-9185-9c11495207a6,bfd42b95-95f5-489f-baf5-6230eb5e1edf,2,,,,,,,,,,,,,,,{},2025-11-04 09:53:43.711,,,,MD-20251103-GRANULO,,,
02bfb60c-44e6-40f7-9db7-93b9ca4c7011,8683f7c0-5440-4543-bad4-9007d226c676,2,,,,,,,,,,,,,,,{},2025-11-04 09:53:43.711,,,,MD-20251103-GRANULO,,,
bf704bdf-b2e2-4a2b-93fe-08cadd35d8d7,2215eaa0-8d3c-4f83-8957-920370ded49f,1,,,,,,,1.28,,,,,,,,{},2025-11-03 18:40:24.175,,,,MD-20251103-BLEU,,,
5f94bc2b-f4da-4c8c-a896-52cf11decbe7,2215eaa0-8d3c-4f83-8957-920370ded49f,1.5,,,,,,,1.7,,,,,,,,{},2025-11-03 18:40:24.175,,,,MD-20251103-BLEU,,,
69f9592a-fb60-4f23-b1f8-652331ebf1c1,2215eaa0-8d3c-4f83-8957-920370ded49f,2,,,,,,,1.88,,,,,,,,{},2025-11-03 18:40:24.175,,,,MD-20251103-BLEU,,,
c7347350-003a-43b7-ac17-dd125ca85eb0,c3152d31-b488-4725-89b0-a69f299bc35c,1,,,,,,,3,,,,,,,,{},2025-11-04 09:37:23.240,,,,MD-20251103-BLEU,,,
8b32f76a-2c4d-465c-9bac-3323e07fab7e,c3152d31-b488-4725-89b0-a69f299bc35c,1.5,,,,,,,4.5,,,,,,,,{},2025-11-04 09:37:23.240,,,,MD-20251103-BLEU,,,
cd9907fb-494e-4861-9abc-2329567ffa54,c3152d31-b488-4725-89b0-a69f299bc35c,2,,,,,,,5,,,,,,,,{},2025-11-04 09:37:23.240,,,,MD-20251103-BLEU,,,
c8f17938-3da6-4a81-92ea-b89ed9cf3ab3,fb1bb866-7e83-4f30-b884-343343bf32aa,1,,,,,,,1.64,,,,,,,,{},2025-11-04 09:37:23.240,,,,MD-20251103-BLEU,,,
729a098a-ec47-41d8-afec-9400978fa161,fb1bb866-7e83-4f30-b884-343343bf32aa,1.5,,,,,,,2.75,,,,,,,,{},2025-11-04 09:37:23.240,,,,MD-20251103-BLEU,,,
a9ffb221-1709-415c-9da2-094a01d715bf,fb1bb866-7e83-4f30-b884-343343bf32aa,2,,,,,,,2.64,,,,,,,,{},2025-11-04 09:37:23.240,,,,MD-20251103-BLEU,,,
3163855d-ee31-4c6c-9e3c-9a89c9861987,a3787a84-591a-4a2f-bc02-2be4c7a16525,1,,,,,,,4.26,,,,,,,,{},2025-11-04 09:37:23.240,,,,MD-20251103-BLEU,,,
f8940dd7-40ad-4aa6-b262-77056d4e8f15,a3787a84-591a-4a2f-bc02-2be4c7a16525,1.5,,,,,,,6.51,,,,,,,,{},2025-11-04 09:37:23.240,,,,MD-20251103-BLEU,,,
a36a858a-b70d-46b2-8dc4-7b169eb09b20,a3787a84-591a-4a2f-bc02-2be4c7a16525,2,,,,,,,6.83,,,,,,,,{},2025-11-04 09:37:23.240,,,,MD-20251103-BLEU,,,
af682bac-1255-45a2-b367-1db90a2b802a,5d8ff55a-68e5-4797-a3db-bf84feb9b310,1,,,,,,,2,,,,,,,,{},2025-11-04 09:37:23.240,,,,MD-20251103-BLEU,,,
cc10f0c2-46db-4ec7-9a65-d7fc1f0ab09a,5d8ff55a-68e5-4797-a3db-bf84feb9b310,1.5,,,,,,,2,,,,,,,,{},2025-11-04 09:37:23.240,,,,MD-20251103-BLEU,,,
f9151933-e9b2-47a9-8147-ec7a5df3d486,5d8ff55a-68e5-4797-a3db-bf84feb9b310,2,,,,,,,2.33,,,,,,,,{},2025-11-04 09:37:23.240,,,,MD-20251103-BLEU,,,
2ec8c925-c380-460a-b560-980f5ba40b90,664eb6c7-e731-49df-b3d0-315ff50f52b1,1,,,,,,,3.77,,,,,,,,{},2025-11-04 09:37:23.240,,,,MD-20251103-BLEU,,,
988d4f91-1944-437b-b38b-8acc84d49eb9,664eb6c7-e731-49df-b3d0-315ff50f52b1,1.5,,,,,,,4.13,,,,,,,,{},2025-11-04 09:37:23.240,,,,MD-20251103-BLEU,,,
d62574c1-f479-46b2-92f6-26a8a1f123c2,664eb6c7-e731-49df-b3d0-315ff50f52b1,2,,,,,,,4.45,,,,,,,,{},2025-11-04 09:37:23.240,,,,MD-20251103-BLEU,,,
40b5f2ea-1426-4b63-a85c-9bfb26cc52fb,843fc86b-643c-4b45-8181-34f1d0448751,1,,,,,,,6.23,,,,,,,,{},2025-11-04 09:37:23.240,,,,MD-20251103-BLEU,,,
4eaa020e-c7a8-48ae-83f5-b5077efe8604,843fc86b-643c-4b45-8181-34f1d0448751,1.5,,,,,,,6.42,,,,,,,,{},2025-11-04 09:37:23.240,,,,MD-20251103-BLEU,,,
becd7c54-7c2e-4fbd-a767-80bb7a3ab7c9,843fc86b-643c-4b45-8181-34f1d0448751,2,,,,,,,6.61,,,,,,,,{},2025-11-04 09:37:23.240,,,,MD-20251103-BLEU,,,
ba3055fd-2ad6-46b1-9561-726ba670ef02,ea500c64-0387-46db-8cc3-f4a0c12a6ffe,1,,,,,,,5.55,,,,,,,,{},2025-11-04 09:37:23.240,,,,MD-20251103-BLEU,,,
68a54dae-a9a2-4d9f-a5ba-a44f5e6375b0,ea500c64-0387-46db-8cc3-f4a0c12a6ffe,1.5,,,,,,,5.69,,,,,,,,{},2025-11-04 09:37:23.240,,,,MD-20251103-BLEU,,,
502deb8e-657a-4703-8eef-1b61f8c80f4a,ea500c64-0387-46db-8cc3-f4a0c12a6ffe,2,,,,,,,5.71,,,,,,,,{},2025-11-04 09:37:23.240,,,,MD-20251103-BLEU,,,
407b65cb-9552-451b-a161-8aee30cc26c0,d3f42f1d-1a4c-4ae2-ba66-41a8d3f1d4f1,2,,,,,,,1.07,,,,,,,,{},2025-11-04 09:37:23.240,,,,MD-20251103-BLEU,,,
dc704264-c790-4d39-8094-2177c1e4c230,41ac42ac-d481-401c-854f-cea3a0b0cfa6,1,,,,,,,3.45,,,,,,,,{},2025-11-04 09:37:23.240,,,,MD-20251103-BLEU,,,
424a11d1-bcfc-4bb9-8dee-f492dcd26e27,41ac42ac-d481-401c-854f-cea3a0b0cfa6,1.5,,,,,,,4.38,,,,,,,,{},2025-11-04 09:37:23.240,,,,MD-20251103-BLEU,,,
0b307294-59be-480d-b7a8-6e1aca2cd2fa,41ac42ac-d481-401c-854f-cea3a0b0cfa6,2,,,,,,,4.71,,,,,,,,{},2025-11-04 09:37:23.240,,,,MD-20251103-BLEU,,,
480396f0-1bc0-4e8a-a004-b6ae322fd2ce,63e3d309-5859-4f9d-a592-cf069fa1652f,1,,,,,,,1.11,,,,,,,,{},2025-11-04 09:37:23.240,,,,MD-20251103-BLEU,,,
3821799c-7636-4287-b869-ef466c20a472,63e3d309-5859-4f9d-a592-cf069fa1652f,1.5,,,,,,,1.25,,,,,,,,{},2025-11-04 09:37:23.240,,,,MD-20251103-BLEU,,,
1100b9c1-964c-4416-a5e9-e2804ebe632d,63e3d309-5859-4f9d-a592-cf069fa1652f,2,,,,,,,1.95,,,,,,,,{},2025-11-04 09:37:23.240,,,,MD-20251103-BLEU,,,
0905ccbb-ff97-4318-8785-af152a64add0,8459aa9c-968e-4f4c-bec3-90f956de0328,1,,,,,,,1.23,,,,,,,,{},2025-11-04 09:37:23.240,,,,MD-20251103-BLEU,,,
460ea8c2-1601-4215-8e0e-da1a491d228d,8459aa9c-968e-4f4c-bec3-90f956de0328,1.5,,,,,,,1.25,,,,,,,,{},2025-11-04 09:37:23.240,,,,MD-20251103-BLEU,,,
42d66688-b1f9-4c9c-9857-e88e1167ae7a,8459aa9c-968e-4f4c-bec3-90f956de0328,2,,,,,,,5.1,,,,,,,,{},2025-11-04 09:37:23.240,,,,MD-20251103-BLEU,,,
ceec591b-06fa-4f1a-9f97-1e9ba9512bae,04f2e7fe-3fa8-4faf-a3bd-9b5a350ec147,1,,,,,,,1.51,,,,,,,,{},2025-11-04 09:37:23.240,,,,MD-20251103-BLEU,,,
38dfa9d9-14db-405b-a53b-d590eab43a5b,04f2e7fe-3fa8-4faf-a3bd-9b5a350ec147,1.5,,,,,,,2.27,,,,,,,,{},2025-11-04 09:37:23.240,,,,MD-20251103-BLEU,,,
2e84e40d-def3-4275-b7eb-6f8710103372,04f2e7fe-3fa8-4faf-a3bd-9b5a350ec147,2,,,,,,,2.37,,,,,,,,{},2025-11-04 09:37:23.240,,,,MD-20251103-BLEU,,,
a37eb4ab-138f-4dd4-a209-2e386a7b929d,05625c25-8a7c-4577-bedc-189f5cffd545,1,,,,,,,3.06,,,,,,,,{},2025-11-04 09:37:23.240,,,,MD-20251103-BLEU,,,
483f7144-9916-48f0-a1a3-461307d27b6e,05625c25-8a7c-4577-bedc-189f5cffd545,1.5,,,,,,,3.85,,,,,,,,{},2025-11-04 09:37:23.240,,,,MD-20251103-BLEU,,,
66de0842-4001-4392-bb25-d44347422f8a,05625c25-8a7c-4577-bedc-189f5cffd545,2,,,,,,,3.68,,,,,,,,{},2025-11-04 09:37:23.240,,,,MD-20251103-BLEU,,,
7608bea0-af74-4ecd-a464-cc423fbff58b,158165df-7727-4d78-891e-de8f79f62809,1,,,,,,,0.91,,,,,,,,{},2025-11-04 09:37:23.240,,,,MD-20251103-BLEU,,,
780c8d14-b69d-4675-8ebe-631b24dbdb79,158165df-7727-4d78-891e-de8f79f62809,1.5,,,,,,,1.4,,,,,,,,{},2025-11-04 09:37:23.240,,,,MD-20251103-BLEU,,,
fb3ef79b-1f82-4617-b293-ae1d88996181,158165df-7727-4d78-891e-de8f79f62809,2,,,,,,,1.91,,,,,,,,{},2025-11-04 09:37:23.240,,,,MD-20251103-BLEU,,,
05e3ce39-6042-4485-83c9-05f22519c353,7c76b8dd-4d86-4713-9211-7807489c8592,1,,,,,,,0.16,,,,,,,,{},2025-11-04 09:37:23.240,,,,MD-20251103-BLEU,,,
235e7418-1284-43b9-bfb9-40fea9570d11,7c76b8dd-4d86-4713-9211-7807489c8592,1.5,,,,,,,0.11,,,,,,,,{},2025-11-04 09:37:23.240,,,,MD-20251103-BLEU,,,
e9233551-3da0-466b-9f00-413bdd4c806e,7c76b8dd-4d86-4713-9211-7807489c8592,2,,,,,,,0.72,,,,,,,,{},2025-11-04 09:37:23.240,,,,MD-20251103-BLEU,,,
